-- MySQL dump 10.13  Distrib 5.6.19, for debian-linux-gnu (x86_64)
--
-- Host: localhost    Database: fabnavi5_production
-- ------------------------------------------------------
-- Server version	5.6.19-0ubuntu0.14.04.1

/*!40101 SET @OLD_CHARACTER_SET_CLIENT=@@CHARACTER_SET_CLIENT */;
/*!40101 SET @OLD_CHARACTER_SET_RESULTS=@@CHARACTER_SET_RESULTS */;
/*!40101 SET @OLD_COLLATION_CONNECTION=@@COLLATION_CONNECTION */;
/*!40101 SET NAMES utf8 */;
/*!40103 SET @OLD_TIME_ZONE=@@TIME_ZONE */;
/*!40103 SET TIME_ZONE='+00:00' */;
/*!40014 SET @OLD_UNIQUE_CHECKS=@@UNIQUE_CHECKS, UNIQUE_CHECKS=0 */;
/*!40014 SET @OLD_FOREIGN_KEY_CHECKS=@@FOREIGN_KEY_CHECKS, FOREIGN_KEY_CHECKS=0 */;
/*!40101 SET @OLD_SQL_MODE=@@SQL_MODE, SQL_MODE='NO_AUTO_VALUE_ON_ZERO' */;
/*!40111 SET @OLD_SQL_NOTES=@@SQL_NOTES, SQL_NOTES=0 */;

--
-- Table structure for table `attachments`
--

DROP TABLE IF EXISTS `attachments`;
/*!40101 SET @saved_cs_client     = @@character_set_client */;
/*!40101 SET character_set_client = utf8 */;
CREATE TABLE `attachments` (
  `id` int(11) NOT NULL AUTO_INCREMENT,
  `type` varchar(255) COLLATE utf8_unicode_ci DEFAULT NULL,
  `file` varchar(255) COLLATE utf8_unicode_ci DEFAULT NULL,
  `attachable_id` int(11) DEFAULT NULL,
  `attachable_type` varchar(255) COLLATE utf8_unicode_ci DEFAULT NULL,
  `user_id` int(11) DEFAULT NULL,
  `created_at` datetime NOT NULL,
  `updated_at` datetime NOT NULL,
  PRIMARY KEY (`id`),
  KEY `index_attachments_on_user_id` (`user_id`),
  CONSTRAINT `fk_rails_5650a5e7db` FOREIGN KEY (`user_id`) REFERENCES `users` (`id`)
) ENGINE=InnoDB AUTO_INCREMENT=830 DEFAULT CHARSET=utf8 COLLATE=utf8_unicode_ci;
/*!40101 SET character_set_client = @saved_cs_client */;

--
-- Dumping data for table `attachments`
--

LOCK TABLES `attachments` WRITE;
/*!40000 ALTER TABLE `attachments` DISABLE KEYS */;
INSERT INTO `attachments` VALUES (61,'Attachment::Image','pict150923_1403150000.JPG',NULL,NULL,23,'2015-09-23 18:04:09','2015-09-23 18:04:09'),(62,'Attachment::Image','pict150923_1405320000.JPG',NULL,NULL,23,'2015-09-23 18:07:18','2015-09-23 18:07:18'),(63,'Attachment::Image','pict150923_1405460000.JPG',NULL,NULL,23,'2015-09-23 18:07:36','2015-09-23 18:07:36'),(64,'Attachment::Image','pict150923_1405490000.JPG',NULL,NULL,23,'2015-09-23 18:07:37','2015-09-23 18:07:37'),(65,'Attachment::Image','pict150923_1405520000.JPG',NULL,NULL,23,'2015-09-23 18:07:39','2015-09-23 18:07:39'),(82,'Attachment::Image','pict150923_1525340000.JPG',NULL,NULL,23,'2015-09-23 19:25:45','2015-09-23 19:25:45'),(83,'Attachment::Image','pict130101_0002120000.JPG',NULL,NULL,23,'2015-09-23 19:30:19','2015-09-23 19:30:19'),(84,'Attachment::Image','pict130101_0002520000.JPG',NULL,NULL,23,'2015-09-23 19:30:57','2015-09-23 19:30:57'),(154,'Attachment::Image','pict130102_2032070000.JPG',NULL,NULL,23,'2015-09-25 16:00:13','2015-09-25 16:00:13'),(502,'Attachment::Image','R0193304.jpg',8405,'Figure',23,'2016-05-11 18:08:02','2016-05-11 18:15:34'),(503,'Attachment::Image','R0193304.jpg',8406,'Figure',23,'2016-05-11 18:22:53','2016-05-11 18:31:51'),(504,'Attachment::Image','R0193305.jpg',8407,'Figure',23,'2016-05-11 18:22:58','2016-05-11 18:33:36'),(505,'Attachment::Image','R0193306.jpg',8408,'Figure',23,'2016-05-11 18:23:02','2016-05-11 18:33:36'),(506,'Attachment::Image','R0193307.jpg',8409,'Figure',23,'2016-05-11 18:23:07','2016-05-11 18:33:36'),(507,'Attachment::Image','R0193308.jpg',8410,'Figure',23,'2016-05-11 18:23:11','2016-05-11 18:33:36'),(508,'Attachment::Image','R0193309.jpg',8411,'Figure',23,'2016-05-11 18:23:16','2016-05-11 18:33:36'),(509,'Attachment::Image','R0193310.jpg',8412,'Figure',23,'2016-05-11 18:23:20','2016-05-11 18:33:36'),(510,'Attachment::Image','R0193311.jpg',8413,'Figure',23,'2016-05-11 18:23:25','2016-05-11 18:33:36'),(511,'Attachment::Image','R0193312.jpg',8414,'Figure',23,'2016-05-11 18:23:28','2016-05-11 18:33:36'),(512,'Attachment::Image','R0193313.jpg',8415,'Figure',23,'2016-05-11 18:23:32','2016-05-11 18:33:36'),(513,'Attachment::Image','R0193314.jpg',8416,'Figure',23,'2016-05-11 18:23:37','2016-05-11 18:33:36'),(514,'Attachment::Image','R0193315.jpg',8417,'Figure',23,'2016-05-11 18:23:41','2016-05-11 18:33:36'),(515,'Attachment::Image','R0193316.jpg',8418,'Figure',23,'2016-05-11 18:23:45','2016-05-11 18:33:36'),(516,'Attachment::Image','R0193317.jpg',8419,'Figure',23,'2016-05-11 18:23:50','2016-05-11 18:33:36'),(517,'Attachment::Image','R0193318.jpg',8420,'Figure',23,'2016-05-11 18:23:54','2016-05-11 18:33:36'),(518,'Attachment::Image','R0193319.jpg',8421,'Figure',23,'2016-05-11 18:23:58','2016-05-11 18:33:36'),(519,'Attachment::Image','R0193320.jpg',8422,'Figure',23,'2016-05-11 18:24:02','2016-05-11 18:33:36'),(520,'Attachment::Image','R0193321.jpg',8423,'Figure',23,'2016-05-11 18:24:08','2016-05-11 18:33:36'),(521,'Attachment::Image','R0193322.jpg',8424,'Figure',23,'2016-05-11 18:24:12','2016-05-11 18:33:37'),(522,'Attachment::Image','R0193323.jpg',8425,'Figure',23,'2016-05-11 18:24:22','2016-05-11 18:33:37'),(523,'Attachment::Image','R0193324.jpg',8426,'Figure',23,'2016-05-11 18:24:27','2016-05-11 18:33:37'),(524,'Attachment::Image','R0193325.jpg',8427,'Figure',23,'2016-05-11 18:24:32','2016-05-11 18:33:37'),(525,'Attachment::Image','R0193326.jpg',8428,'Figure',23,'2016-05-11 18:24:36','2016-05-11 18:33:37'),(526,'Attachment::Image','R0193327.jpg',8429,'Figure',23,'2016-05-11 18:24:40','2016-05-11 18:33:37'),(527,'Attachment::Image','R0193328.jpg',8430,'Figure',23,'2016-05-11 18:24:44','2016-05-11 18:33:37'),(528,'Attachment::Image','R0193329.jpg',8431,'Figure',23,'2016-05-11 18:24:48','2016-05-11 18:33:37'),(529,'Attachment::Image','R0193330.jpg',8432,'Figure',23,'2016-05-11 18:24:53','2016-05-11 18:33:37'),(530,'Attachment::Image','R0193331.jpg',8433,'Figure',23,'2016-05-11 18:24:57','2016-05-11 18:33:37'),(531,'Attachment::Image','R0193332.jpg',8434,'Figure',23,'2016-05-11 18:25:02','2016-05-11 18:33:37'),(532,'Attachment::Image','R0193333.jpg',8435,'Figure',23,'2016-05-11 18:25:06','2016-05-11 18:33:37'),(533,'Attachment::Image','R0193334.jpg',8436,'Figure',23,'2016-05-11 18:25:12','2016-05-11 18:33:37'),(534,'Attachment::Image','R0193335.jpg',8437,'Figure',23,'2016-05-11 18:25:16','2016-05-11 18:33:37'),(535,'Attachment::Image','R0193336.jpg',8438,'Figure',23,'2016-05-11 18:25:21','2016-05-11 18:33:37'),(536,'Attachment::Image','foldingChair0.jpg',8439,'Figure',23,'2016-05-11 18:55:27','2016-05-11 19:03:47'),(537,'Attachment::Image','foldingChair1.jpg',8440,'Figure',23,'2016-05-11 18:55:30','2016-05-11 19:03:47'),(538,'Attachment::Image','foldingChair2.jpg',8441,'Figure',23,'2016-05-11 18:55:33','2016-05-11 19:03:47'),(539,'Attachment::Image','foldingChair3.jpg',8442,'Figure',23,'2016-05-11 18:55:38','2016-05-11 19:03:47'),(540,'Attachment::Image','foldingChair4.jpg',8443,'Figure',23,'2016-05-11 18:55:42','2016-05-11 19:03:47'),(541,'Attachment::Image','foldingChair5.jpg',8444,'Figure',23,'2016-05-11 18:55:45','2016-05-11 19:03:47'),(542,'Attachment::Image','foldingChair6.jpg',8445,'Figure',23,'2016-05-11 18:55:48','2016-05-11 19:03:47'),(543,'Attachment::Image','foldingChair7.jpg',8446,'Figure',23,'2016-05-11 18:55:54','2016-05-11 19:03:47'),(544,'Attachment::Image','foldingChair8.jpg',8447,'Figure',23,'2016-05-11 18:55:58','2016-05-11 19:03:47'),(545,'Attachment::Image','foldingChair9.jpg',8448,'Figure',23,'2016-05-11 18:56:01','2016-05-11 19:03:47'),(546,'Attachment::Image','foldingChair10.jpg',8449,'Figure',23,'2016-05-11 18:56:05','2016-05-11 19:03:47'),(547,'Attachment::Image','foldingChair11.jpg',8450,'Figure',23,'2016-05-11 18:56:10','2016-05-11 19:03:47'),(548,'Attachment::Image','foldingChair12.jpg',8451,'Figure',23,'2016-05-11 18:56:13','2016-05-11 19:03:47'),(549,'Attachment::Image','foldingChair13.jpg',8452,'Figure',23,'2016-05-11 18:56:17','2016-05-11 19:03:47'),(550,'Attachment::Image','foldingChair14.jpg',8453,'Figure',23,'2016-05-11 18:56:21','2016-05-11 19:03:47'),(551,'Attachment::Image','foldingChair15.jpg',8454,'Figure',23,'2016-05-11 18:56:26','2016-05-11 19:03:47'),(552,'Attachment::Image','foldingChair16.jpg',8455,'Figure',23,'2016-05-11 18:56:29','2016-05-11 19:03:47'),(553,'Attachment::Image','foldingChair17.jpg',8456,'Figure',23,'2016-05-11 18:56:32','2016-05-11 19:03:47'),(554,'Attachment::Image','foldingChair18.jpg',8457,'Figure',23,'2016-05-11 18:56:36','2016-05-11 19:03:47'),(555,'Attachment::Image','foldingChair19.jpg',8458,'Figure',23,'2016-05-11 18:56:38','2016-05-11 19:03:47'),(556,'Attachment::Image','foldingChair20.jpg',8459,'Figure',23,'2016-05-11 18:56:42','2016-05-11 19:03:47'),(557,'Attachment::Image','foldingChair21.jpg',8460,'Figure',23,'2016-05-11 18:56:46','2016-05-11 19:03:47'),(558,'Attachment::Image','foldingChair22.jpg',8461,'Figure',23,'2016-05-11 18:56:49','2016-05-11 19:03:47'),(559,'Attachment::Image','foldingChair23.jpg',8462,'Figure',23,'2016-05-11 18:56:53','2016-05-11 19:03:47'),(560,'Attachment::Image','foldingChair24.jpg',8463,'Figure',23,'2016-05-11 18:56:56','2016-05-11 19:03:47'),(561,'Attachment::Image','foldingChair25.jpg',8464,'Figure',23,'2016-05-11 18:56:59','2016-05-11 19:03:47'),(562,'Attachment::Image','foldingChair26.jpg',8465,'Figure',23,'2016-05-11 18:57:02','2016-05-11 19:03:47'),(563,'Attachment::Image','foldingChair27.jpg',8466,'Figure',23,'2016-05-11 18:57:05','2016-05-11 19:03:47'),(564,'Attachment::Image','foldingChair28.jpg',8467,'Figure',23,'2016-05-11 18:57:08','2016-05-11 19:03:47'),(565,'Attachment::Image','foldingChair29.jpg',8468,'Figure',23,'2016-05-11 18:57:12','2016-05-11 19:03:47'),(566,'Attachment::Image','foldingChair30.jpg',8469,'Figure',23,'2016-05-11 18:57:16','2016-05-11 19:03:47'),(567,'Attachment::Image','foldingChair31.jpg',8470,'Figure',23,'2016-05-11 18:57:20','2016-05-11 19:03:47'),(568,'Attachment::Image','foldingChair32.jpg',8471,'Figure',23,'2016-05-11 18:57:23','2016-05-11 19:03:47'),(569,'Attachment::Image','foldingChair33.jpg',8472,'Figure',23,'2016-05-11 18:57:26','2016-05-11 19:03:47'),(570,'Attachment::Image','foldingChair34.jpg',8473,'Figure',23,'2016-05-11 18:57:29','2016-05-11 19:03:47'),(571,'Attachment::Image','foldingChair35.jpg',8474,'Figure',23,'2016-05-11 18:57:32','2016-05-11 19:03:47'),(572,'Attachment::Image','foldingChair36.jpg',8475,'Figure',23,'2016-05-11 18:57:34','2016-05-11 19:03:47'),(573,'Attachment::Image','foldingChair37.jpg',8476,'Figure',23,'2016-05-11 18:57:37','2016-05-11 19:03:47'),(574,'Attachment::Image','foldingChair38.jpg',8477,'Figure',23,'2016-05-11 18:57:45','2016-05-11 19:03:47'),(575,'Attachment::Image','foldingChair39.jpg',8478,'Figure',23,'2016-05-11 18:57:49','2016-05-11 19:03:47'),(576,'Attachment::Image','foldingChair40.jpg',8479,'Figure',23,'2016-05-11 18:57:52','2016-05-11 19:03:47'),(577,'Attachment::Image','foldingChair41.jpg',8480,'Figure',23,'2016-05-11 18:57:56','2016-05-11 19:03:47'),(578,'Attachment::Image','foldingChair42.jpg',8481,'Figure',23,'2016-05-11 18:57:59','2016-05-11 19:03:47'),(579,'Attachment::Image','foldingChair43.jpg',8482,'Figure',23,'2016-05-11 18:58:01','2016-05-11 19:03:47'),(580,'Attachment::Image','foldingChair44.jpg',8483,'Figure',23,'2016-05-11 18:58:04','2016-05-11 19:03:47'),(581,'Attachment::Image','foldingChair45.jpg',8484,'Figure',23,'2016-05-11 18:58:07','2016-05-11 19:03:47'),(582,'Attachment::Image','foldingChair46.jpg',8485,'Figure',23,'2016-05-11 18:58:11','2016-05-11 19:03:47'),(583,'Attachment::Image','foldingChair47.jpg',8486,'Figure',23,'2016-05-11 18:58:14','2016-05-11 19:03:48'),(584,'Attachment::Image','foldingChair48.jpg',8487,'Figure',23,'2016-05-11 18:58:17','2016-05-11 19:03:48'),(585,'Attachment::Image','foldingChair49.jpg',8488,'Figure',23,'2016-05-11 18:58:21','2016-05-11 19:03:48'),(586,'Attachment::Image','foldingChair50.jpg',8489,'Figure',23,'2016-05-11 18:58:28','2016-05-11 19:03:48'),(587,'Attachment::Image','foldingChair51.jpg',8490,'Figure',23,'2016-05-11 18:58:31','2016-05-11 19:03:48'),(588,'Attachment::Image','foldingChair52.jpg',8491,'Figure',23,'2016-05-11 18:58:35','2016-05-11 19:03:48'),(589,'Attachment::Image','foldingChair53.jpg',8492,'Figure',23,'2016-05-11 18:58:38','2016-05-11 19:03:48'),(590,'Attachment::Image','foldingChair54.jpg',8493,'Figure',23,'2016-05-11 18:58:41','2016-05-11 19:03:48'),(591,'Attachment::Image','foldingChair55.jpg',8494,'Figure',23,'2016-05-11 18:58:44','2016-05-11 19:03:48'),(592,'Attachment::Image','foldingChair56.jpg',8495,'Figure',23,'2016-05-11 18:58:48','2016-05-11 19:03:48'),(593,'Attachment::Image','foldingChair57.jpg',8496,'Figure',23,'2016-05-11 18:58:51','2016-05-11 19:03:48'),(594,'Attachment::Image','foldingChair58.jpg',8497,'Figure',23,'2016-05-11 18:58:54','2016-05-11 19:03:48'),(595,'Attachment::Image','foldingChair59.jpg',8498,'Figure',23,'2016-05-11 18:58:57','2016-05-11 19:03:48'),(596,'Attachment::Image','foldingChair60.jpg',8499,'Figure',23,'2016-05-11 18:59:00','2016-05-11 19:03:48'),(597,'Attachment::Image','foldingChair61.jpg',8500,'Figure',23,'2016-05-11 18:59:03','2016-05-11 19:03:48'),(598,'Attachment::Image','foldingChair62.jpg',8501,'Figure',23,'2016-05-11 18:59:06','2016-05-11 19:03:48'),(599,'Attachment::Image','foldingChair63.jpg',8502,'Figure',23,'2016-05-11 18:59:10','2016-05-11 19:03:48'),(600,'Attachment::Image','foldingChair64.jpg',8503,'Figure',23,'2016-05-11 18:59:14','2016-05-11 19:03:48'),(601,'Attachment::Image','foldingChair65.jpg',8504,'Figure',23,'2016-05-11 18:59:17','2016-05-11 19:03:48'),(602,'Attachment::Image','foldingChair66.jpg',8505,'Figure',23,'2016-05-11 18:59:20','2016-05-11 19:03:48'),(603,'Attachment::Image','foldingChair67.jpg',8506,'Figure',23,'2016-05-11 18:59:24','2016-05-11 19:03:48'),(604,'Attachment::Image','foldingChair68.jpg',8507,'Figure',23,'2016-05-11 18:59:27','2016-05-11 19:03:48'),(605,'Attachment::Image','foldingChair69.jpg',8508,'Figure',23,'2016-05-11 18:59:30','2016-05-11 19:03:48'),(606,'Attachment::Image','foldingChair70.jpg',8509,'Figure',23,'2016-05-11 18:59:32','2016-05-11 19:03:48'),(607,'Attachment::Image','foldingChair71.jpg',8510,'Figure',23,'2016-05-11 18:59:36','2016-05-11 19:03:48'),(608,'Attachment::Image','foldingChair72.jpg',8511,'Figure',23,'2016-05-11 18:59:38','2016-05-11 19:03:48'),(609,'Attachment::Image','foldingChair73.jpg',8512,'Figure',23,'2016-05-11 18:59:42','2016-05-11 19:03:48'),(610,'Attachment::Image','foldingChair74.jpg',8513,'Figure',23,'2016-05-11 18:59:45','2016-05-11 19:03:48'),(611,'Attachment::Image','foldingChair75.jpg',8514,'Figure',23,'2016-05-11 18:59:48','2016-05-11 19:03:48'),(612,'Attachment::Image','foldingChair76.jpg',8515,'Figure',23,'2016-05-11 18:59:52','2016-05-11 19:03:48'),(613,'Attachment::Image','foldingChair77.jpg',8516,'Figure',23,'2016-05-11 18:59:56','2016-05-11 19:03:48'),(614,'Attachment::Image','foldingChair78.jpg',8517,'Figure',23,'2016-05-11 18:59:59','2016-05-11 19:03:48'),(615,'Attachment::Image','foldingChair79.jpg',8518,'Figure',23,'2016-05-11 19:00:03','2016-05-11 19:03:48'),(616,'Attachment::Image','foldingChair80.jpg',8519,'Figure',23,'2016-05-11 19:00:06','2016-05-11 19:03:48'),(617,'Attachment::Image','foldingChair81.jpg',8520,'Figure',23,'2016-05-11 19:00:09','2016-05-11 19:03:48'),(618,'Attachment::Image','foldingChair82.jpg',8521,'Figure',23,'2016-05-11 19:00:13','2016-05-11 19:03:48'),(619,'Attachment::Image','foldingChair83.jpg',8522,'Figure',23,'2016-05-11 19:00:16','2016-05-11 19:03:48'),(620,'Attachment::Image','foldingChair84.jpg',8523,'Figure',23,'2016-05-11 19:00:20','2016-05-11 19:03:48'),(621,'Attachment::Image','foldingChair85.jpg',8524,'Figure',23,'2016-05-11 19:00:24','2016-05-11 19:03:48'),(622,'Attachment::Image','foldingChair86.jpg',8525,'Figure',23,'2016-05-11 19:00:27','2016-05-11 19:03:48'),(623,'Attachment::Image','foldingChair87.jpg',8526,'Figure',23,'2016-05-11 19:00:30','2016-05-11 19:03:48'),(624,'Attachment::Image','foldingChair88.jpg',8527,'Figure',23,'2016-05-11 19:00:34','2016-05-11 19:03:48'),(625,'Attachment::Image','foldingChair89.jpg',8528,'Figure',23,'2016-05-11 19:00:38','2016-05-11 19:03:48'),(626,'Attachment::Image','foldingChair90.jpg',8529,'Figure',23,'2016-05-11 19:00:40','2016-05-11 19:03:48'),(627,'Attachment::Image','foldingChair91.jpg',8530,'Figure',23,'2016-05-11 19:00:43','2016-05-11 19:03:48'),(628,'Attachment::Image','foldingChair92.jpg',8531,'Figure',23,'2016-05-11 19:00:45','2016-05-11 19:03:48'),(629,'Attachment::Image','foldingChair93.jpg',8532,'Figure',23,'2016-05-11 19:00:48','2016-05-11 19:03:48'),(630,'Attachment::Image','foldingChair94.jpg',8533,'Figure',23,'2016-05-11 19:00:51','2016-05-11 19:03:48'),(631,'Attachment::Image','foldingChair95.jpg',8534,'Figure',23,'2016-05-11 19:00:55','2016-05-11 19:03:48'),(632,'Attachment::Image','foldingChair96.jpg',8535,'Figure',23,'2016-05-11 19:00:58','2016-05-11 19:03:48'),(633,'Attachment::Image','foldingChair97.jpg',8536,'Figure',23,'2016-05-11 19:01:03','2016-05-11 19:03:48'),(634,'Attachment::Image','foldingChair98.jpg',8537,'Figure',23,'2016-05-11 19:01:06','2016-05-11 19:03:48'),(635,'Attachment::Image','foldingChair99.jpg',8538,'Figure',23,'2016-05-11 19:01:09','2016-05-11 19:03:48'),(636,'Attachment::Image','foldingChair100.jpg',8539,'Figure',23,'2016-05-11 19:01:12','2016-05-11 19:03:48'),(637,'Attachment::Image','foldingChair101.jpg',8540,'Figure',23,'2016-05-11 19:01:16','2016-05-11 19:03:48'),(638,'Attachment::Image','foldingChair102.jpg',8541,'Figure',23,'2016-05-11 19:01:23','2016-05-11 19:03:48'),(639,'Attachment::Image','foldingChair103.jpg',8542,'Figure',23,'2016-05-11 19:01:28','2016-05-11 19:03:48'),(640,'Attachment::Image','foldingChair104.jpg',8543,'Figure',23,'2016-05-11 19:01:33','2016-05-11 19:03:48'),(641,'Attachment::Image','foldingChair105.jpg',8544,'Figure',23,'2016-05-11 19:01:36','2016-05-11 19:03:49'),(642,'Attachment::Image','foldingChair106.jpg',8545,'Figure',23,'2016-05-11 19:01:39','2016-05-11 19:03:49'),(643,'Attachment::Image','foldingChair107.jpg',8546,'Figure',23,'2016-05-11 19:01:41','2016-05-11 19:03:49'),(644,'Attachment::Image','foldingChair108.jpg',8547,'Figure',23,'2016-05-11 19:01:44','2016-05-11 19:03:49'),(645,'Attachment::Image','foldingChair109.jpg',8548,'Figure',23,'2016-05-11 19:01:48','2016-05-11 19:03:49'),(646,'Attachment::Image','foldingChair110.jpg',8549,'Figure',23,'2016-05-11 19:01:52','2016-05-11 19:03:49'),(647,'Attachment::Image','foldingChair111.jpg',8550,'Figure',23,'2016-05-11 19:01:56','2016-05-11 19:03:49'),(648,'Attachment::Image','foldingChair112.jpg',8551,'Figure',23,'2016-05-11 19:01:58','2016-05-11 19:03:49'),(649,'Attachment::Image','foldingChair113.jpg',8552,'Figure',23,'2016-05-11 19:02:00','2016-05-11 19:03:49'),(650,'Attachment::Image','foldingChair114.jpg',8553,'Figure',23,'2016-05-11 19:02:02','2016-05-11 19:03:49'),(651,'Attachment::Image','foldingChair115.jpg',8554,'Figure',23,'2016-05-11 19:02:07','2016-05-11 19:03:49'),(652,'Attachment::Image','foldingChair116.jpg',8555,'Figure',23,'2016-05-11 19:02:09','2016-05-11 19:03:49'),(653,'Attachment::Image','foldingChair117.jpg',8556,'Figure',23,'2016-05-11 19:02:12','2016-05-11 19:03:49'),(654,'Attachment::Image','foldingChair118.jpg',8557,'Figure',23,'2016-05-11 19:02:15','2016-05-11 19:03:49'),(655,'Attachment::Image','foldingChair119.jpg',8558,'Figure',23,'2016-05-11 19:02:18','2016-05-11 19:03:49'),(656,'Attachment::Image','foldingChair120.jpg',8559,'Figure',23,'2016-05-11 19:02:22','2016-05-11 19:03:49'),(657,'Attachment::Image','foldingChair121.jpg',8560,'Figure',23,'2016-05-11 19:02:26','2016-05-11 19:03:49'),(658,'Attachment::Image','foldingChair122.jpg',8561,'Figure',23,'2016-05-11 19:02:29','2016-05-11 19:03:49'),(659,'Attachment::Image','foldingChair123.jpg',8562,'Figure',23,'2016-05-11 19:02:33','2016-05-11 19:03:49'),(660,'Attachment::Image','foldingChair124.jpg',8563,'Figure',23,'2016-05-11 19:02:35','2016-05-11 19:03:49'),(661,'Attachment::Image','foldingChair125.jpg',8564,'Figure',23,'2016-05-11 19:02:38','2016-05-11 19:03:49'),(662,'Attachment::Image','foldingChair126.jpg',8565,'Figure',23,'2016-05-11 19:02:41','2016-05-11 19:03:49'),(663,'Attachment::Image','bighand0.jpg',8566,'Figure',23,'2016-05-11 19:07:06','2016-05-11 19:16:38'),(664,'Attachment::Image','bighand1.jpg',8567,'Figure',23,'2016-05-11 19:07:08','2016-05-11 19:16:38'),(665,'Attachment::Image','bighand2.jpg',8568,'Figure',23,'2016-05-11 19:07:12','2016-05-11 19:16:38'),(666,'Attachment::Image','bighand3.jpg',8569,'Figure',23,'2016-05-11 19:07:15','2016-05-11 19:16:38'),(667,'Attachment::Image','bighand4.jpg',8570,'Figure',23,'2016-05-11 19:07:17','2016-05-11 19:16:38'),(668,'Attachment::Image','bighand5.jpg',8571,'Figure',23,'2016-05-11 19:07:22','2016-05-11 19:16:38'),(669,'Attachment::Image','bighand6.jpg',8572,'Figure',23,'2016-05-11 19:07:24','2016-05-11 19:16:38'),(670,'Attachment::Image','bighand7.jpg',8573,'Figure',23,'2016-05-11 19:07:27','2016-05-11 19:16:38'),(671,'Attachment::Image','bighand8.jpg',8574,'Figure',23,'2016-05-11 19:07:30','2016-05-11 19:16:38'),(672,'Attachment::Image','bighand9.jpg',8575,'Figure',23,'2016-05-11 19:07:33','2016-05-11 19:16:38'),(673,'Attachment::Image','bighand10.jpg',8576,'Figure',23,'2016-05-11 19:07:37','2016-05-11 19:16:38'),(674,'Attachment::Image','bighand11.jpg',8577,'Figure',23,'2016-05-11 19:07:39','2016-05-11 19:16:38'),(675,'Attachment::Image','bighand12.jpg',8578,'Figure',23,'2016-05-11 19:07:43','2016-05-11 19:16:38'),(676,'Attachment::Image','bighand13.jpg',8579,'Figure',23,'2016-05-11 19:07:46','2016-05-11 19:16:38'),(677,'Attachment::Image','bighand14.jpg',8580,'Figure',23,'2016-05-11 19:07:49','2016-05-11 19:16:38'),(678,'Attachment::Image','bighand15.jpg',8581,'Figure',23,'2016-05-11 19:07:52','2016-05-11 19:16:38'),(679,'Attachment::Image','bighand16.jpg',8582,'Figure',23,'2016-05-11 19:07:55','2016-05-11 19:16:38'),(680,'Attachment::Image','bighand17.jpg',8583,'Figure',23,'2016-05-11 19:07:57','2016-05-11 19:16:38'),(681,'Attachment::Image','bighand18.jpg',8584,'Figure',23,'2016-05-11 19:08:00','2016-05-11 19:16:39'),(682,'Attachment::Image','bighand19.jpg',8585,'Figure',23,'2016-05-11 19:08:02','2016-05-11 19:16:39'),(683,'Attachment::Image','bighand20.jpg',8586,'Figure',23,'2016-05-11 19:08:04','2016-05-11 19:16:39'),(684,'Attachment::Image','bighand21.jpg',8587,'Figure',23,'2016-05-11 19:08:07','2016-05-11 19:16:39'),(685,'Attachment::Image','bighand22.jpg',8588,'Figure',23,'2016-05-11 19:08:10','2016-05-11 19:16:39'),(686,'Attachment::Image','bighand23.jpg',8589,'Figure',23,'2016-05-11 19:08:13','2016-05-11 19:16:39'),(687,'Attachment::Image','bighand24.jpg',8590,'Figure',23,'2016-05-11 19:08:16','2016-05-11 19:16:39'),(688,'Attachment::Image','bighand25.jpg',8591,'Figure',23,'2016-05-11 19:08:19','2016-05-11 19:16:39'),(689,'Attachment::Image','bighand26.jpg',8592,'Figure',23,'2016-05-11 19:08:22','2016-05-11 19:16:39'),(690,'Attachment::Image','bighand27.jpg',8593,'Figure',23,'2016-05-11 19:08:24','2016-05-11 19:16:39'),(691,'Attachment::Image','bighand28.jpg',8594,'Figure',23,'2016-05-11 19:08:27','2016-05-11 19:16:39'),(692,'Attachment::Image','bighand29.jpg',8595,'Figure',23,'2016-05-11 19:08:29','2016-05-11 19:16:39'),(693,'Attachment::Image','bighand30.jpg',8596,'Figure',23,'2016-05-11 19:08:32','2016-05-11 19:16:39'),(694,'Attachment::Image','bighand31.jpg',8597,'Figure',23,'2016-05-11 19:08:35','2016-05-11 19:16:39'),(695,'Attachment::Image','bighand32.jpg',8598,'Figure',23,'2016-05-11 19:08:38','2016-05-11 19:16:39'),(696,'Attachment::Image','bighand33.jpg',8599,'Figure',23,'2016-05-11 19:08:41','2016-05-11 19:16:39'),(697,'Attachment::Image','bighand34.jpg',8600,'Figure',23,'2016-05-11 19:08:43','2016-05-11 19:16:39'),(698,'Attachment::Image','bighand35.jpg',8601,'Figure',23,'2016-05-11 19:08:47','2016-05-11 19:16:39'),(699,'Attachment::Image','bighand36.jpg',8602,'Figure',23,'2016-05-11 19:08:49','2016-05-11 19:16:39'),(700,'Attachment::Image','bighand37.jpg',8603,'Figure',23,'2016-05-11 19:08:52','2016-05-11 19:16:39'),(701,'Attachment::Image','bighand38.jpg',8604,'Figure',23,'2016-05-11 19:08:54','2016-05-11 19:16:39'),(702,'Attachment::Image','bighand39.jpg',8605,'Figure',23,'2016-05-11 19:08:56','2016-05-11 19:16:39'),(703,'Attachment::Image','bighand40.jpg',8606,'Figure',23,'2016-05-11 19:08:59','2016-05-11 19:16:39'),(704,'Attachment::Image','bighand41.jpg',8607,'Figure',23,'2016-05-11 19:09:01','2016-05-11 19:16:39'),(705,'Attachment::Image','bighand42.jpg',8608,'Figure',23,'2016-05-11 19:09:04','2016-05-11 19:16:39'),(706,'Attachment::Image','bighand43.jpg',8609,'Figure',23,'2016-05-11 19:09:06','2016-05-11 19:16:39'),(707,'Attachment::Image','bighand44.jpg',8610,'Figure',23,'2016-05-11 19:09:09','2016-05-11 19:16:39'),(708,'Attachment::Image','bighand45.jpg',8611,'Figure',23,'2016-05-11 19:09:13','2016-05-11 19:16:39'),(709,'Attachment::Image','bighand46.jpg',8612,'Figure',23,'2016-05-11 19:09:15','2016-05-11 19:16:39'),(710,'Attachment::Image','bighand47.jpg',8613,'Figure',23,'2016-05-11 19:09:19','2016-05-11 19:16:39'),(711,'Attachment::Image','bighand48.jpg',8614,'Figure',23,'2016-05-11 19:09:21','2016-05-11 19:16:39'),(712,'Attachment::Image','bighand49.jpg',8615,'Figure',23,'2016-05-11 19:09:24','2016-05-11 19:16:39'),(713,'Attachment::Image','bighand50.jpg',8616,'Figure',23,'2016-05-11 19:09:28','2016-05-11 19:16:39'),(714,'Attachment::Image','bighand51.jpg',8617,'Figure',23,'2016-05-11 19:09:31','2016-05-11 19:16:39'),(715,'Attachment::Image','bighand52.jpg',8618,'Figure',23,'2016-05-11 19:09:33','2016-05-11 19:16:39'),(716,'Attachment::Image','bighand53.jpg',8619,'Figure',23,'2016-05-11 19:09:37','2016-05-11 19:16:39'),(717,'Attachment::Image','bighand54.jpg',8620,'Figure',23,'2016-05-11 19:09:40','2016-05-11 19:16:39'),(718,'Attachment::Image','bighand55.jpg',8621,'Figure',23,'2016-05-11 19:09:45','2016-05-11 19:16:39'),(719,'Attachment::Image','bighand56.jpg',8622,'Figure',23,'2016-05-11 19:09:49','2016-05-11 19:16:39'),(720,'Attachment::Image','bighand57.jpg',8623,'Figure',23,'2016-05-11 19:09:52','2016-05-11 19:16:39'),(721,'Attachment::Image','bighand58.jpg',8624,'Figure',23,'2016-05-11 19:09:56','2016-05-11 19:16:39'),(722,'Attachment::Image','bighand59.jpg',8625,'Figure',23,'2016-05-11 19:09:58','2016-05-11 19:16:39'),(723,'Attachment::Image','bighand60.jpg',8626,'Figure',23,'2016-05-11 19:10:02','2016-05-11 19:16:39'),(724,'Attachment::Image','bighand61.jpg',8627,'Figure',23,'2016-05-11 19:10:04','2016-05-11 19:16:39'),(725,'Attachment::Image','bighand62.jpg',8628,'Figure',23,'2016-05-11 19:10:07','2016-05-11 19:16:39'),(726,'Attachment::Image','bighand63.jpg',8629,'Figure',23,'2016-05-11 19:10:10','2016-05-11 19:16:39'),(727,'Attachment::Image','bighand64.jpg',8630,'Figure',23,'2016-05-11 19:10:12','2016-05-11 19:16:39'),(728,'Attachment::Image','bighand65.jpg',8631,'Figure',23,'2016-05-11 19:10:16','2016-05-11 19:16:39'),(729,'Attachment::Image','bighand66.jpg',8632,'Figure',23,'2016-05-11 19:10:18','2016-05-11 19:16:39'),(730,'Attachment::Image','bighand67.jpg',8633,'Figure',23,'2016-05-11 19:10:21','2016-05-11 19:16:39'),(731,'Attachment::Image','bighand68.jpg',8634,'Figure',23,'2016-05-11 19:10:24','2016-05-11 19:16:39'),(732,'Attachment::Image','bighand69.jpg',8635,'Figure',23,'2016-05-11 19:10:27','2016-05-11 19:16:39'),(733,'Attachment::Image','bighand70.jpg',8636,'Figure',23,'2016-05-11 19:10:30','2016-05-11 19:16:39'),(734,'Attachment::Image','bighand71.jpg',8637,'Figure',23,'2016-05-11 19:10:33','2016-05-11 19:16:39'),(735,'Attachment::Image','bighand72.jpg',8638,'Figure',23,'2016-05-11 19:10:35','2016-05-11 19:16:39'),(736,'Attachment::Image','bighand73.jpg',8639,'Figure',23,'2016-05-11 19:10:37','2016-05-11 19:16:39'),(737,'Attachment::Image','bighand74.jpg',8640,'Figure',23,'2016-05-11 19:10:40','2016-05-11 19:16:39'),(738,'Attachment::Image','bighand75.jpg',8641,'Figure',23,'2016-05-11 19:10:42','2016-05-11 19:16:39'),(739,'Attachment::Image','bighand76.jpg',8642,'Figure',23,'2016-05-11 19:10:45','2016-05-11 19:16:39'),(740,'Attachment::Image','bighand77.jpg',8643,'Figure',23,'2016-05-11 19:10:51','2016-05-11 19:16:39'),(741,'Attachment::Image','bighand78.jpg',8644,'Figure',23,'2016-05-11 19:10:55','2016-05-11 19:16:40'),(742,'Attachment::Image','bighand79.jpg',8645,'Figure',23,'2016-05-11 19:10:59','2016-05-11 19:16:40'),(743,'Attachment::Image','bighand80.jpg',8646,'Figure',23,'2016-05-11 19:11:01','2016-05-11 19:16:40'),(744,'Attachment::Image','bighand81.jpg',8647,'Figure',23,'2016-05-11 19:11:03','2016-05-11 19:16:40'),(745,'Attachment::Image','bighand82.jpg',8648,'Figure',23,'2016-05-11 19:11:06','2016-05-11 19:16:40'),(746,'Attachment::Image','bighand83.jpg',8649,'Figure',23,'2016-05-11 19:11:08','2016-05-11 19:16:40'),(747,'Attachment::Image','bighand84.jpg',8650,'Figure',23,'2016-05-11 19:11:11','2016-05-11 19:16:40'),(748,'Attachment::Image','bighand85.jpg',8651,'Figure',23,'2016-05-11 19:11:13','2016-05-11 19:16:40'),(749,'Attachment::Image','bighand86.jpg',8652,'Figure',23,'2016-05-11 19:11:16','2016-05-11 19:16:40'),(750,'Attachment::Image','bighand87.jpg',8653,'Figure',23,'2016-05-11 19:11:19','2016-05-11 19:16:40'),(751,'Attachment::Image','bighand88.jpg',8654,'Figure',23,'2016-05-11 19:11:28','2016-05-11 19:16:40'),(752,'Attachment::Image','bighand89.jpg',8655,'Figure',23,'2016-05-11 19:11:31','2016-05-11 19:16:40'),(753,'Attachment::Image','bighand90.jpg',8656,'Figure',23,'2016-05-11 19:11:33','2016-05-11 19:16:40'),(754,'Attachment::Image','bighand91.jpg',8657,'Figure',23,'2016-05-11 19:11:36','2016-05-11 19:16:40'),(755,'Attachment::Image','bighand92.jpg',8658,'Figure',23,'2016-05-11 19:11:39','2016-05-11 19:16:40'),(756,'Attachment::Image','bighand93.jpg',8659,'Figure',23,'2016-05-11 19:11:43','2016-05-11 19:16:40'),(757,'Attachment::Image','bighand94.jpg',8660,'Figure',23,'2016-05-11 19:11:47','2016-05-11 19:16:40'),(758,'Attachment::Image','bighand95.jpg',8661,'Figure',23,'2016-05-11 19:11:50','2016-05-11 19:16:40'),(759,'Attachment::Image','bighand96.jpg',8662,'Figure',23,'2016-05-11 19:11:52','2016-05-11 19:16:40'),(760,'Attachment::Image','bighand97.jpg',8663,'Figure',23,'2016-05-11 19:11:56','2016-05-11 19:16:40'),(761,'Attachment::Image','bighand98.jpg',8664,'Figure',23,'2016-05-11 19:11:59','2016-05-11 19:16:40'),(762,'Attachment::Image','bighand99.jpg',8665,'Figure',23,'2016-05-11 19:12:01','2016-05-11 19:16:40'),(763,'Attachment::Image','bighand100.jpg',8666,'Figure',23,'2016-05-11 19:12:04','2016-05-11 19:16:40'),(764,'Attachment::Image','bighand101.jpg',8667,'Figure',23,'2016-05-11 19:12:07','2016-05-11 19:16:40'),(765,'Attachment::Image','bighand102.jpg',8668,'Figure',23,'2016-05-11 19:12:11','2016-05-11 19:16:40'),(766,'Attachment::Image','bighand103.jpg',8669,'Figure',23,'2016-05-11 19:12:14','2016-05-11 19:16:40'),(767,'Attachment::Image','bighand104.jpg',8670,'Figure',23,'2016-05-11 19:12:16','2016-05-11 19:16:40'),(768,'Attachment::Image','bighand105.jpg',8671,'Figure',23,'2016-05-11 19:12:19','2016-05-11 19:16:40'),(769,'Attachment::Image','bighand106.jpg',8672,'Figure',23,'2016-05-11 19:12:21','2016-05-11 19:16:40'),(770,'Attachment::Image','bighand107.jpg',8673,'Figure',23,'2016-05-11 19:12:24','2016-05-11 19:16:40'),(771,'Attachment::Image','bighand108.jpg',8674,'Figure',23,'2016-05-11 19:12:26','2016-05-11 19:16:40'),(772,'Attachment::Image','bighand109.jpg',8675,'Figure',23,'2016-05-11 19:12:29','2016-05-11 19:16:40'),(773,'Attachment::Image','bighand110.jpg',8676,'Figure',23,'2016-05-11 19:12:31','2016-05-11 19:16:40'),(774,'Attachment::Image','bighand111.jpg',8677,'Figure',23,'2016-05-11 19:12:34','2016-05-11 19:16:40'),(775,'Attachment::Image','bighand112.jpg',8678,'Figure',23,'2016-05-11 19:12:36','2016-05-11 19:16:40'),(776,'Attachment::Image','bighand113.jpg',8679,'Figure',23,'2016-05-11 19:12:39','2016-05-11 19:16:40'),(777,'Attachment::Image','bighand114.jpg',8680,'Figure',23,'2016-05-11 19:12:43','2016-05-11 19:16:40'),(778,'Attachment::Image','bighand115.jpg',8681,'Figure',23,'2016-05-11 19:12:46','2016-05-11 19:16:40'),(779,'Attachment::Image','bighand116.jpg',8682,'Figure',23,'2016-05-11 19:12:52','2016-05-11 19:16:40'),(780,'Attachment::Image','bighand117.jpg',8683,'Figure',23,'2016-05-11 19:12:55','2016-05-11 19:16:40'),(781,'Attachment::Image','bighand118.jpg',8684,'Figure',23,'2016-05-11 19:12:58','2016-05-11 19:16:40'),(782,'Attachment::Image','bighand119.jpg',8685,'Figure',23,'2016-05-11 19:13:00','2016-05-11 19:16:40'),(783,'Attachment::Image','bighand120.jpg',8686,'Figure',23,'2016-05-11 19:13:03','2016-05-11 19:16:40'),(784,'Attachment::Image','bighand121.jpg',8687,'Figure',23,'2016-05-11 19:13:06','2016-05-11 19:16:40'),(785,'Attachment::Image','bighand122.jpg',8688,'Figure',23,'2016-05-11 19:13:08','2016-05-11 19:16:40'),(786,'Attachment::Image','bighand123.jpg',8689,'Figure',23,'2016-05-11 19:13:11','2016-05-11 19:16:40'),(787,'Attachment::Image','bighand124.jpg',8690,'Figure',23,'2016-05-11 19:13:18','2016-05-11 19:16:40'),(788,'Attachment::Image','bighand125.jpg',8691,'Figure',23,'2016-05-11 19:13:20','2016-05-11 19:16:40'),(789,'Attachment::Image','bighand126.jpg',8692,'Figure',23,'2016-05-11 19:13:22','2016-05-11 19:16:40'),(790,'Attachment::Image','bighand127.jpg',8693,'Figure',23,'2016-05-11 19:13:25','2016-05-11 19:16:40'),(791,'Attachment::Image','bighand128.jpg',8694,'Figure',23,'2016-05-11 19:13:28','2016-05-11 19:16:40'),(792,'Attachment::Image','bighand129.jpg',8695,'Figure',23,'2016-05-11 19:13:31','2016-05-11 19:16:40'),(793,'Attachment::Image','bighand130.jpg',8696,'Figure',23,'2016-05-11 19:13:33','2016-05-11 19:16:40'),(794,'Attachment::Image','bighand131.jpg',8697,'Figure',23,'2016-05-11 19:13:36','2016-05-11 19:16:40'),(795,'Attachment::Image','bighand132.jpg',8698,'Figure',23,'2016-05-11 19:13:38','2016-05-11 19:16:40'),(796,'Attachment::Image','bighand133.jpg',8699,'Figure',23,'2016-05-11 19:13:42','2016-05-11 19:16:40'),(797,'Attachment::Image','bighand134.jpg',8700,'Figure',23,'2016-05-11 19:13:46','2016-05-11 19:16:40'),(798,'Attachment::Image','bighand135.jpg',8701,'Figure',23,'2016-05-11 19:13:49','2016-05-11 19:16:40'),(799,'Attachment::Image','bighand136.jpg',8702,'Figure',23,'2016-05-11 19:13:51','2016-05-11 19:16:40'),(800,'Attachment::Image','bighand137.jpg',8703,'Figure',23,'2016-05-11 19:13:54','2016-05-11 19:16:40'),(801,'Attachment::Image','bighand138.jpg',8704,'Figure',23,'2016-05-11 19:13:59','2016-05-11 19:16:41'),(802,'Attachment::Image','bighand139.jpg',8705,'Figure',23,'2016-05-11 19:14:01','2016-05-11 19:16:41'),(803,'Attachment::Image','bighand140.jpg',8706,'Figure',23,'2016-05-11 19:14:04','2016-05-11 19:16:41'),(804,'Attachment::Image','bighand141.jpg',8707,'Figure',23,'2016-05-11 19:14:07','2016-05-11 19:16:41'),(805,'Attachment::Image','bighand142.jpg',8708,'Figure',23,'2016-05-11 19:14:10','2016-05-11 19:16:41'),(806,'Attachment::Image','bighand143.jpg',8709,'Figure',23,'2016-05-11 19:14:16','2016-05-11 19:16:41'),(807,'Attachment::Image','bighand144.jpg',8710,'Figure',23,'2016-05-11 19:14:18','2016-05-11 19:16:41'),(808,'Attachment::Image','bighand145.jpg',8711,'Figure',23,'2016-05-11 19:14:20','2016-05-11 19:16:41'),(809,'Attachment::Image','bighand146.jpg',8712,'Figure',23,'2016-05-11 19:14:23','2016-05-11 19:16:41'),(810,'Attachment::Image','bighand147.jpg',8713,'Figure',23,'2016-05-11 19:14:25','2016-05-11 19:16:41'),(811,'Attachment::Image','bighand148.jpg',8714,'Figure',23,'2016-05-11 19:14:28','2016-05-11 19:16:41'),(812,'Attachment::Image','bighand149.jpg',8715,'Figure',23,'2016-05-11 19:14:30','2016-05-11 19:16:41'),(813,'Attachment::Image','bighand150.jpg',8716,'Figure',23,'2016-05-11 19:14:33','2016-05-11 19:16:41'),(814,'Attachment::Image','bighand151.jpg',8717,'Figure',23,'2016-05-11 19:14:36','2016-05-11 19:16:41');
/*!40000 ALTER TABLE `attachments` ENABLE KEYS */;
UNLOCK TABLES;

--
-- Table structure for table `calibrations`
--

DROP TABLE IF EXISTS `calibrations`;
/*!40101 SET @saved_cs_client     = @@character_set_client */;
/*!40101 SET character_set_client = utf8 */;
CREATE TABLE `calibrations` (
  `id` int(11) NOT NULL AUTO_INCREMENT,
  `name` varchar(255) COLLATE utf8_unicode_ci DEFAULT NULL,
  `user_id` int(11) DEFAULT NULL,
  `x` float DEFAULT NULL,
  `y` float DEFAULT NULL,
  `width` float DEFAULT NULL,
  `height` float DEFAULT NULL,
  `created_at` datetime NOT NULL,
  `updated_at` datetime NOT NULL,
  PRIMARY KEY (`id`),
  UNIQUE KEY `index_calibrations_on_name_and_user_id` (`name`,`user_id`),
  KEY `index_calibrations_on_user_id` (`user_id`),
  CONSTRAINT `fk_rails_2d4b33ce87` FOREIGN KEY (`user_id`) REFERENCES `users` (`id`)
) ENGINE=InnoDB DEFAULT CHARSET=utf8 COLLATE=utf8_unicode_ci;
/*!40101 SET character_set_client = @saved_cs_client */;

--
-- Dumping data for table `calibrations`
--

LOCK TABLES `calibrations` WRITE;
/*!40000 ALTER TABLE `calibrations` DISABLE KEYS */;
/*!40000 ALTER TABLE `calibrations` ENABLE KEYS */;
UNLOCK TABLES;

--
-- Table structure for table `contents`
--

DROP TABLE IF EXISTS `contents`;
/*!40101 SET @saved_cs_client     = @@character_set_client */;
/*!40101 SET character_set_client = utf8 */;
CREATE TABLE `contents` (
  `id` int(11) NOT NULL AUTO_INCREMENT,
  `type` varchar(255) COLLATE utf8_unicode_ci DEFAULT NULL,
  `description` text COLLATE utf8_unicode_ci,
  `project_id` int(11) DEFAULT NULL,
  `created_at` datetime NOT NULL,
  `updated_at` datetime NOT NULL,
  PRIMARY KEY (`id`),
  KEY `index_contents_on_project_id` (`project_id`),
  CONSTRAINT `fk_rails_0391cd52aa` FOREIGN KEY (`project_id`) REFERENCES `projects` (`id`)
) ENGINE=InnoDB AUTO_INCREMENT=70 DEFAULT CHARSET=utf8 COLLATE=utf8_unicode_ci;
/*!40101 SET character_set_client = @saved_cs_client */;

--
-- Dumping data for table `contents`
--

LOCK TABLES `contents` WRITE;
/*!40000 ALTER TABLE `contents` DISABLE KEYS */;
INSERT INTO `contents` VALUES (66,'Content::PhotoList',NULL,66,'2016-05-11 18:00:58','2016-05-11 18:00:58'),(67,'Content::PhotoList',NULL,67,'2016-05-11 18:56:38','2016-05-11 18:56:38'),(68,'Content::PhotoList',NULL,68,'2016-05-11 18:57:19','2016-05-11 18:57:19');
/*!40000 ALTER TABLE `contents` ENABLE KEYS */;
UNLOCK TABLES;

--
-- Table structure for table `figures`
--

DROP TABLE IF EXISTS `figures`;
/*!40101 SET @saved_cs_client     = @@character_set_client */;
/*!40101 SET character_set_client = utf8 */;
CREATE TABLE `figures` (
  `id` int(11) NOT NULL AUTO_INCREMENT,
  `type` varchar(255) COLLATE utf8_unicode_ci DEFAULT NULL,
  `content_id` int(11) DEFAULT NULL,
  `created_at` datetime NOT NULL,
  `updated_at` datetime NOT NULL,
  `position` int(11) DEFAULT NULL,
  PRIMARY KEY (`id`),
  KEY `index_figures_on_content_id` (`content_id`),
  CONSTRAINT `fk_rails_f2353a6f7b` FOREIGN KEY (`content_id`) REFERENCES `contents` (`id`)
) ENGINE=InnoDB AUTO_INCREMENT=8718 DEFAULT CHARSET=utf8 COLLATE=utf8_unicode_ci;
/*!40101 SET character_set_client = @saved_cs_client */;

--
-- Dumping data for table `figures`
--

LOCK TABLES `figures` WRITE;
/*!40000 ALTER TABLE `figures` DISABLE KEYS */;
INSERT INTO `figures` VALUES (8405,'Figure::Photo',66,'2016-05-11 18:09:50','2016-05-11 18:09:50',1),(8406,'Figure::Photo',66,'2016-05-11 18:30:04','2016-05-11 18:30:04',2),(8407,'Figure::Photo',66,'2016-05-11 18:33:36','2016-05-11 18:33:36',3),(8408,'Figure::Photo',66,'2016-05-11 18:33:36','2016-05-11 18:33:36',4),(8409,'Figure::Photo',66,'2016-05-11 18:33:36','2016-05-11 18:33:36',5),(8410,'Figure::Photo',66,'2016-05-11 18:33:36','2016-05-11 18:33:36',6),(8411,'Figure::Photo',66,'2016-05-11 18:33:36','2016-05-11 18:33:36',7),(8412,'Figure::Photo',66,'2016-05-11 18:33:36','2016-05-11 18:33:36',8),(8413,'Figure::Photo',66,'2016-05-11 18:33:36','2016-05-11 18:33:36',9),(8414,'Figure::Photo',66,'2016-05-11 18:33:36','2016-05-11 18:33:36',10),(8415,'Figure::Photo',66,'2016-05-11 18:33:36','2016-05-11 18:33:36',11),(8416,'Figure::Photo',66,'2016-05-11 18:33:36','2016-05-11 18:33:36',12),(8417,'Figure::Photo',66,'2016-05-11 18:33:36','2016-05-11 18:33:36',13),(8418,'Figure::Photo',66,'2016-05-11 18:33:36','2016-05-11 18:33:36',14),(8419,'Figure::Photo',66,'2016-05-11 18:33:36','2016-05-11 18:33:36',15),(8420,'Figure::Photo',66,'2016-05-11 18:33:36','2016-05-11 18:33:36',16),(8421,'Figure::Photo',66,'2016-05-11 18:33:36','2016-05-11 18:33:36',17),(8422,'Figure::Photo',66,'2016-05-11 18:33:36','2016-05-11 18:33:36',18),(8423,'Figure::Photo',66,'2016-05-11 18:33:36','2016-05-11 18:33:36',19),(8424,'Figure::Photo',66,'2016-05-11 18:33:37','2016-05-11 18:33:37',20),(8425,'Figure::Photo',66,'2016-05-11 18:33:37','2016-05-11 18:33:37',21),(8426,'Figure::Photo',66,'2016-05-11 18:33:37','2016-05-11 18:33:37',22),(8427,'Figure::Photo',66,'2016-05-11 18:33:37','2016-05-11 18:33:37',23),(8428,'Figure::Photo',66,'2016-05-11 18:33:37','2016-05-11 18:33:37',24),(8429,'Figure::Photo',66,'2016-05-11 18:33:37','2016-05-11 18:33:37',25),(8430,'Figure::Photo',66,'2016-05-11 18:33:37','2016-05-11 18:33:37',26),(8431,'Figure::Photo',66,'2016-05-11 18:33:37','2016-05-11 18:33:37',27),(8432,'Figure::Photo',66,'2016-05-11 18:33:37','2016-05-11 18:33:37',28),(8433,'Figure::Photo',66,'2016-05-11 18:33:37','2016-05-11 18:33:37',29),(8434,'Figure::Photo',66,'2016-05-11 18:33:37','2016-05-11 18:33:37',30),(8435,'Figure::Photo',66,'2016-05-11 18:33:37','2016-05-11 18:33:37',31),(8436,'Figure::Photo',66,'2016-05-11 18:33:37','2016-05-11 18:33:37',32),(8437,'Figure::Photo',66,'2016-05-11 18:33:37','2016-05-11 18:33:37',33),(8438,'Figure::Photo',66,'2016-05-11 18:33:37','2016-05-11 18:33:37',34),(8439,'Figure::Photo',67,'2016-05-11 19:03:47','2016-05-11 19:03:47',1),(8440,'Figure::Photo',67,'2016-05-11 19:03:47','2016-05-11 19:03:47',2),(8441,'Figure::Photo',67,'2016-05-11 19:03:47','2016-05-11 19:03:47',3),(8442,'Figure::Photo',67,'2016-05-11 19:03:47','2016-05-11 19:03:47',4),(8443,'Figure::Photo',67,'2016-05-11 19:03:47','2016-05-11 19:03:47',5),(8444,'Figure::Photo',67,'2016-05-11 19:03:47','2016-05-11 19:03:47',6),(8445,'Figure::Photo',67,'2016-05-11 19:03:47','2016-05-11 19:03:47',7),(8446,'Figure::Photo',67,'2016-05-11 19:03:47','2016-05-11 19:03:47',8),(8447,'Figure::Photo',67,'2016-05-11 19:03:47','2016-05-11 19:03:47',9),(8448,'Figure::Photo',67,'2016-05-11 19:03:47','2016-05-11 19:03:47',10),(8449,'Figure::Photo',67,'2016-05-11 19:03:47','2016-05-11 19:03:47',11),(8450,'Figure::Photo',67,'2016-05-11 19:03:47','2016-05-11 19:03:47',12),(8451,'Figure::Photo',67,'2016-05-11 19:03:47','2016-05-11 19:03:47',13),(8452,'Figure::Photo',67,'2016-05-11 19:03:47','2016-05-11 19:03:47',14),(8453,'Figure::Photo',67,'2016-05-11 19:03:47','2016-05-11 19:03:47',15),(8454,'Figure::Photo',67,'2016-05-11 19:03:47','2016-05-11 19:03:47',16),(8455,'Figure::Photo',67,'2016-05-11 19:03:47','2016-05-11 19:03:47',17),(8456,'Figure::Photo',67,'2016-05-11 19:03:47','2016-05-11 19:03:47',18),(8457,'Figure::Photo',67,'2016-05-11 19:03:47','2016-05-11 19:03:47',19),(8458,'Figure::Photo',67,'2016-05-11 19:03:47','2016-05-11 19:03:47',20),(8459,'Figure::Photo',67,'2016-05-11 19:03:47','2016-05-11 19:03:47',21),(8460,'Figure::Photo',67,'2016-05-11 19:03:47','2016-05-11 19:03:47',22),(8461,'Figure::Photo',67,'2016-05-11 19:03:47','2016-05-11 19:03:47',23),(8462,'Figure::Photo',67,'2016-05-11 19:03:47','2016-05-11 19:03:47',24),(8463,'Figure::Photo',67,'2016-05-11 19:03:47','2016-05-11 19:03:47',25),(8464,'Figure::Photo',67,'2016-05-11 19:03:47','2016-05-11 19:03:47',26),(8465,'Figure::Photo',67,'2016-05-11 19:03:47','2016-05-11 19:03:47',27),(8466,'Figure::Photo',67,'2016-05-11 19:03:47','2016-05-11 19:03:47',28),(8467,'Figure::Photo',67,'2016-05-11 19:03:47','2016-05-11 19:03:47',29),(8468,'Figure::Photo',67,'2016-05-11 19:03:47','2016-05-11 19:03:47',30),(8469,'Figure::Photo',67,'2016-05-11 19:03:47','2016-05-11 19:03:47',31),(8470,'Figure::Photo',67,'2016-05-11 19:03:47','2016-05-11 19:03:47',32),(8471,'Figure::Photo',67,'2016-05-11 19:03:47','2016-05-11 19:03:47',33),(8472,'Figure::Photo',67,'2016-05-11 19:03:47','2016-05-11 19:03:47',34),(8473,'Figure::Photo',67,'2016-05-11 19:03:47','2016-05-11 19:03:47',35),(8474,'Figure::Photo',67,'2016-05-11 19:03:47','2016-05-11 19:03:47',36),(8475,'Figure::Photo',67,'2016-05-11 19:03:47','2016-05-11 19:03:47',37),(8476,'Figure::Photo',67,'2016-05-11 19:03:47','2016-05-11 19:03:47',38),(8477,'Figure::Photo',67,'2016-05-11 19:03:47','2016-05-11 19:03:47',39),(8478,'Figure::Photo',67,'2016-05-11 19:03:47','2016-05-11 19:03:47',40),(8479,'Figure::Photo',67,'2016-05-11 19:03:47','2016-05-11 19:03:47',41),(8480,'Figure::Photo',67,'2016-05-11 19:03:47','2016-05-11 19:03:47',42),(8481,'Figure::Photo',67,'2016-05-11 19:03:47','2016-05-11 19:03:47',43),(8482,'Figure::Photo',67,'2016-05-11 19:03:47','2016-05-11 19:03:47',44),(8483,'Figure::Photo',67,'2016-05-11 19:03:47','2016-05-11 19:03:47',45),(8484,'Figure::Photo',67,'2016-05-11 19:03:47','2016-05-11 19:03:47',46),(8485,'Figure::Photo',67,'2016-05-11 19:03:47','2016-05-11 19:03:47',47),(8486,'Figure::Photo',67,'2016-05-11 19:03:47','2016-05-11 19:03:47',48),(8487,'Figure::Photo',67,'2016-05-11 19:03:48','2016-05-11 19:03:48',49),(8488,'Figure::Photo',67,'2016-05-11 19:03:48','2016-05-11 19:03:48',50),(8489,'Figure::Photo',67,'2016-05-11 19:03:48','2016-05-11 19:03:48',51),(8490,'Figure::Photo',67,'2016-05-11 19:03:48','2016-05-11 19:03:48',52),(8491,'Figure::Photo',67,'2016-05-11 19:03:48','2016-05-11 19:03:48',53),(8492,'Figure::Photo',67,'2016-05-11 19:03:48','2016-05-11 19:03:48',54),(8493,'Figure::Photo',67,'2016-05-11 19:03:48','2016-05-11 19:03:48',55),(8494,'Figure::Photo',67,'2016-05-11 19:03:48','2016-05-11 19:03:48',56),(8495,'Figure::Photo',67,'2016-05-11 19:03:48','2016-05-11 19:03:48',57),(8496,'Figure::Photo',67,'2016-05-11 19:03:48','2016-05-11 19:03:48',58),(8497,'Figure::Photo',67,'2016-05-11 19:03:48','2016-05-11 19:03:48',59),(8498,'Figure::Photo',67,'2016-05-11 19:03:48','2016-05-11 19:03:48',60),(8499,'Figure::Photo',67,'2016-05-11 19:03:48','2016-05-11 19:03:48',61),(8500,'Figure::Photo',67,'2016-05-11 19:03:48','2016-05-11 19:03:48',62),(8501,'Figure::Photo',67,'2016-05-11 19:03:48','2016-05-11 19:03:48',63),(8502,'Figure::Photo',67,'2016-05-11 19:03:48','2016-05-11 19:03:48',64),(8503,'Figure::Photo',67,'2016-05-11 19:03:48','2016-05-11 19:03:48',65),(8504,'Figure::Photo',67,'2016-05-11 19:03:48','2016-05-11 19:03:48',66),(8505,'Figure::Photo',67,'2016-05-11 19:03:48','2016-05-11 19:03:48',67),(8506,'Figure::Photo',67,'2016-05-11 19:03:48','2016-05-11 19:03:48',68),(8507,'Figure::Photo',67,'2016-05-11 19:03:48','2016-05-11 19:03:48',69),(8508,'Figure::Photo',67,'2016-05-11 19:03:48','2016-05-11 19:03:48',70),(8509,'Figure::Photo',67,'2016-05-11 19:03:48','2016-05-11 19:03:48',71),(8510,'Figure::Photo',67,'2016-05-11 19:03:48','2016-05-11 19:03:48',72),(8511,'Figure::Photo',67,'2016-05-11 19:03:48','2016-05-11 19:03:48',73),(8512,'Figure::Photo',67,'2016-05-11 19:03:48','2016-05-11 19:03:48',74),(8513,'Figure::Photo',67,'2016-05-11 19:03:48','2016-05-11 19:03:48',75),(8514,'Figure::Photo',67,'2016-05-11 19:03:48','2016-05-11 19:03:48',76),(8515,'Figure::Photo',67,'2016-05-11 19:03:48','2016-05-11 19:03:48',77),(8516,'Figure::Photo',67,'2016-05-11 19:03:48','2016-05-11 19:03:48',78),(8517,'Figure::Photo',67,'2016-05-11 19:03:48','2016-05-11 19:03:48',79),(8518,'Figure::Photo',67,'2016-05-11 19:03:48','2016-05-11 19:03:48',80),(8519,'Figure::Photo',67,'2016-05-11 19:03:48','2016-05-11 19:03:48',81),(8520,'Figure::Photo',67,'2016-05-11 19:03:48','2016-05-11 19:03:48',82),(8521,'Figure::Photo',67,'2016-05-11 19:03:48','2016-05-11 19:03:48',83),(8522,'Figure::Photo',67,'2016-05-11 19:03:48','2016-05-11 19:03:48',84),(8523,'Figure::Photo',67,'2016-05-11 19:03:48','2016-05-11 19:03:48',85),(8524,'Figure::Photo',67,'2016-05-11 19:03:48','2016-05-11 19:03:48',86),(8525,'Figure::Photo',67,'2016-05-11 19:03:48','2016-05-11 19:03:48',87),(8526,'Figure::Photo',67,'2016-05-11 19:03:48','2016-05-11 19:03:48',88),(8527,'Figure::Photo',67,'2016-05-11 19:03:48','2016-05-11 19:03:48',89),(8528,'Figure::Photo',67,'2016-05-11 19:03:48','2016-05-11 19:03:48',90),(8529,'Figure::Photo',67,'2016-05-11 19:03:48','2016-05-11 19:03:48',91),(8530,'Figure::Photo',67,'2016-05-11 19:03:48','2016-05-11 19:03:48',92),(8531,'Figure::Photo',67,'2016-05-11 19:03:48','2016-05-11 19:03:48',93),(8532,'Figure::Photo',67,'2016-05-11 19:03:48','2016-05-11 19:03:48',94),(8533,'Figure::Photo',67,'2016-05-11 19:03:48','2016-05-11 19:03:48',95),(8534,'Figure::Photo',67,'2016-05-11 19:03:48','2016-05-11 19:03:48',96),(8535,'Figure::Photo',67,'2016-05-11 19:03:48','2016-05-11 19:03:48',97),(8536,'Figure::Photo',67,'2016-05-11 19:03:48','2016-05-11 19:03:48',98),(8537,'Figure::Photo',67,'2016-05-11 19:03:48','2016-05-11 19:03:48',99),(8538,'Figure::Photo',67,'2016-05-11 19:03:48','2016-05-11 19:03:48',100),(8539,'Figure::Photo',67,'2016-05-11 19:03:48','2016-05-11 19:03:48',101),(8540,'Figure::Photo',67,'2016-05-11 19:03:48','2016-05-11 19:03:48',102),(8541,'Figure::Photo',67,'2016-05-11 19:03:48','2016-05-11 19:03:48',103),(8542,'Figure::Photo',67,'2016-05-11 19:03:48','2016-05-11 19:03:48',104),(8543,'Figure::Photo',67,'2016-05-11 19:03:48','2016-05-11 19:03:48',105),(8544,'Figure::Photo',67,'2016-05-11 19:03:49','2016-05-11 19:03:49',106),(8545,'Figure::Photo',67,'2016-05-11 19:03:49','2016-05-11 19:03:49',107),(8546,'Figure::Photo',67,'2016-05-11 19:03:49','2016-05-11 19:03:49',108),(8547,'Figure::Photo',67,'2016-05-11 19:03:49','2016-05-11 19:03:49',109),(8548,'Figure::Photo',67,'2016-05-11 19:03:49','2016-05-11 19:03:49',110),(8549,'Figure::Photo',67,'2016-05-11 19:03:49','2016-05-11 19:03:49',111),(8550,'Figure::Photo',67,'2016-05-11 19:03:49','2016-05-11 19:03:49',112),(8551,'Figure::Photo',67,'2016-05-11 19:03:49','2016-05-11 19:03:49',113),(8552,'Figure::Photo',67,'2016-05-11 19:03:49','2016-05-11 19:03:49',114),(8553,'Figure::Photo',67,'2016-05-11 19:03:49','2016-05-11 19:03:49',115),(8554,'Figure::Photo',67,'2016-05-11 19:03:49','2016-05-11 19:03:49',116),(8555,'Figure::Photo',67,'2016-05-11 19:03:49','2016-05-11 19:03:49',117),(8556,'Figure::Photo',67,'2016-05-11 19:03:49','2016-05-11 19:03:49',118),(8557,'Figure::Photo',67,'2016-05-11 19:03:49','2016-05-11 19:03:49',119),(8558,'Figure::Photo',67,'2016-05-11 19:03:49','2016-05-11 19:03:49',120),(8559,'Figure::Photo',67,'2016-05-11 19:03:49','2016-05-11 19:03:49',121),(8560,'Figure::Photo',67,'2016-05-11 19:03:49','2016-05-11 19:03:49',122),(8561,'Figure::Photo',67,'2016-05-11 19:03:49','2016-05-11 19:03:49',123),(8562,'Figure::Photo',67,'2016-05-11 19:03:49','2016-05-11 19:03:49',124),(8563,'Figure::Photo',67,'2016-05-11 19:03:49','2016-05-11 19:03:49',125),(8564,'Figure::Photo',67,'2016-05-11 19:03:49','2016-05-11 19:03:49',126),(8565,'Figure::Photo',67,'2016-05-11 19:03:49','2016-05-11 19:03:49',127),(8566,'Figure::Photo',68,'2016-05-11 19:16:38','2016-05-11 19:16:38',1),(8567,'Figure::Photo',68,'2016-05-11 19:16:38','2016-05-11 19:16:38',2),(8568,'Figure::Photo',68,'2016-05-11 19:16:38','2016-05-11 19:16:38',3),(8569,'Figure::Photo',68,'2016-05-11 19:16:38','2016-05-11 19:16:38',4),(8570,'Figure::Photo',68,'2016-05-11 19:16:38','2016-05-11 19:16:38',5),(8571,'Figure::Photo',68,'2016-05-11 19:16:38','2016-05-11 19:16:38',6),(8572,'Figure::Photo',68,'2016-05-11 19:16:38','2016-05-11 19:16:38',7),(8573,'Figure::Photo',68,'2016-05-11 19:16:38','2016-05-11 19:16:38',8),(8574,'Figure::Photo',68,'2016-05-11 19:16:38','2016-05-11 19:16:38',9),(8575,'Figure::Photo',68,'2016-05-11 19:16:38','2016-05-11 19:16:38',10),(8576,'Figure::Photo',68,'2016-05-11 19:16:38','2016-05-11 19:16:38',11),(8577,'Figure::Photo',68,'2016-05-11 19:16:38','2016-05-11 19:16:38',12),(8578,'Figure::Photo',68,'2016-05-11 19:16:38','2016-05-11 19:16:38',13),(8579,'Figure::Photo',68,'2016-05-11 19:16:38','2016-05-11 19:16:38',14),(8580,'Figure::Photo',68,'2016-05-11 19:16:38','2016-05-11 19:16:38',15),(8581,'Figure::Photo',68,'2016-05-11 19:16:38','2016-05-11 19:16:38',16),(8582,'Figure::Photo',68,'2016-05-11 19:16:38','2016-05-11 19:16:38',17),(8583,'Figure::Photo',68,'2016-05-11 19:16:38','2016-05-11 19:16:38',18),(8584,'Figure::Photo',68,'2016-05-11 19:16:39','2016-05-11 19:16:39',19),(8585,'Figure::Photo',68,'2016-05-11 19:16:39','2016-05-11 19:16:39',20),(8586,'Figure::Photo',68,'2016-05-11 19:16:39','2016-05-11 19:16:39',21),(8587,'Figure::Photo',68,'2016-05-11 19:16:39','2016-05-11 19:16:39',22),(8588,'Figure::Photo',68,'2016-05-11 19:16:39','2016-05-11 19:16:39',23),(8589,'Figure::Photo',68,'2016-05-11 19:16:39','2016-05-11 19:16:39',24),(8590,'Figure::Photo',68,'2016-05-11 19:16:39','2016-05-11 19:16:39',25),(8591,'Figure::Photo',68,'2016-05-11 19:16:39','2016-05-11 19:16:39',26),(8592,'Figure::Photo',68,'2016-05-11 19:16:39','2016-05-11 19:16:39',27),(8593,'Figure::Photo',68,'2016-05-11 19:16:39','2016-05-11 19:16:39',28),(8594,'Figure::Photo',68,'2016-05-11 19:16:39','2016-05-11 19:16:39',29),(8595,'Figure::Photo',68,'2016-05-11 19:16:39','2016-05-11 19:16:39',30),(8596,'Figure::Photo',68,'2016-05-11 19:16:39','2016-05-11 19:16:39',31),(8597,'Figure::Photo',68,'2016-05-11 19:16:39','2016-05-11 19:16:39',32),(8598,'Figure::Photo',68,'2016-05-11 19:16:39','2016-05-11 19:16:39',33),(8599,'Figure::Photo',68,'2016-05-11 19:16:39','2016-05-11 19:16:39',34),(8600,'Figure::Photo',68,'2016-05-11 19:16:39','2016-05-11 19:16:39',35),(8601,'Figure::Photo',68,'2016-05-11 19:16:39','2016-05-11 19:16:39',36),(8602,'Figure::Photo',68,'2016-05-11 19:16:39','2016-05-11 19:16:39',37),(8603,'Figure::Photo',68,'2016-05-11 19:16:39','2016-05-11 19:16:39',38),(8604,'Figure::Photo',68,'2016-05-11 19:16:39','2016-05-11 19:16:39',39),(8605,'Figure::Photo',68,'2016-05-11 19:16:39','2016-05-11 19:16:39',40),(8606,'Figure::Photo',68,'2016-05-11 19:16:39','2016-05-11 19:16:39',41),(8607,'Figure::Photo',68,'2016-05-11 19:16:39','2016-05-11 19:16:39',42),(8608,'Figure::Photo',68,'2016-05-11 19:16:39','2016-05-11 19:16:39',43),(8609,'Figure::Photo',68,'2016-05-11 19:16:39','2016-05-11 19:16:39',44),(8610,'Figure::Photo',68,'2016-05-11 19:16:39','2016-05-11 19:16:39',45),(8611,'Figure::Photo',68,'2016-05-11 19:16:39','2016-05-11 19:16:39',46),(8612,'Figure::Photo',68,'2016-05-11 19:16:39','2016-05-11 19:16:39',47),(8613,'Figure::Photo',68,'2016-05-11 19:16:39','2016-05-11 19:16:39',48),(8614,'Figure::Photo',68,'2016-05-11 19:16:39','2016-05-11 19:16:39',49),(8615,'Figure::Photo',68,'2016-05-11 19:16:39','2016-05-11 19:16:39',50),(8616,'Figure::Photo',68,'2016-05-11 19:16:39','2016-05-11 19:16:39',51),(8617,'Figure::Photo',68,'2016-05-11 19:16:39','2016-05-11 19:16:39',52),(8618,'Figure::Photo',68,'2016-05-11 19:16:39','2016-05-11 19:16:39',53),(8619,'Figure::Photo',68,'2016-05-11 19:16:39','2016-05-11 19:16:39',54),(8620,'Figure::Photo',68,'2016-05-11 19:16:39','2016-05-11 19:16:39',55),(8621,'Figure::Photo',68,'2016-05-11 19:16:39','2016-05-11 19:16:39',56),(8622,'Figure::Photo',68,'2016-05-11 19:16:39','2016-05-11 19:16:39',57),(8623,'Figure::Photo',68,'2016-05-11 19:16:39','2016-05-11 19:16:39',58),(8624,'Figure::Photo',68,'2016-05-11 19:16:39','2016-05-11 19:16:39',59),(8625,'Figure::Photo',68,'2016-05-11 19:16:39','2016-05-11 19:16:39',60),(8626,'Figure::Photo',68,'2016-05-11 19:16:39','2016-05-11 19:16:39',61),(8627,'Figure::Photo',68,'2016-05-11 19:16:39','2016-05-11 19:16:39',62),(8628,'Figure::Photo',68,'2016-05-11 19:16:39','2016-05-11 19:16:39',63),(8629,'Figure::Photo',68,'2016-05-11 19:16:39','2016-05-11 19:16:39',64),(8630,'Figure::Photo',68,'2016-05-11 19:16:39','2016-05-11 19:16:39',65),(8631,'Figure::Photo',68,'2016-05-11 19:16:39','2016-05-11 19:16:39',66),(8632,'Figure::Photo',68,'2016-05-11 19:16:39','2016-05-11 19:16:39',67),(8633,'Figure::Photo',68,'2016-05-11 19:16:39','2016-05-11 19:16:39',68),(8634,'Figure::Photo',68,'2016-05-11 19:16:39','2016-05-11 19:16:39',69),(8635,'Figure::Photo',68,'2016-05-11 19:16:39','2016-05-11 19:16:39',70),(8636,'Figure::Photo',68,'2016-05-11 19:16:39','2016-05-11 19:16:39',71),(8637,'Figure::Photo',68,'2016-05-11 19:16:39','2016-05-11 19:16:39',72),(8638,'Figure::Photo',68,'2016-05-11 19:16:39','2016-05-11 19:16:39',73),(8639,'Figure::Photo',68,'2016-05-11 19:16:39','2016-05-11 19:16:39',74),(8640,'Figure::Photo',68,'2016-05-11 19:16:39','2016-05-11 19:16:39',75),(8641,'Figure::Photo',68,'2016-05-11 19:16:39','2016-05-11 19:16:39',76),(8642,'Figure::Photo',68,'2016-05-11 19:16:39','2016-05-11 19:16:39',77),(8643,'Figure::Photo',68,'2016-05-11 19:16:39','2016-05-11 19:16:39',78),(8644,'Figure::Photo',68,'2016-05-11 19:16:39','2016-05-11 19:16:39',79),(8645,'Figure::Photo',68,'2016-05-11 19:16:40','2016-05-11 19:16:40',80),(8646,'Figure::Photo',68,'2016-05-11 19:16:40','2016-05-11 19:16:40',81),(8647,'Figure::Photo',68,'2016-05-11 19:16:40','2016-05-11 19:16:40',82),(8648,'Figure::Photo',68,'2016-05-11 19:16:40','2016-05-11 19:16:40',83),(8649,'Figure::Photo',68,'2016-05-11 19:16:40','2016-05-11 19:16:40',84),(8650,'Figure::Photo',68,'2016-05-11 19:16:40','2016-05-11 19:16:40',85),(8651,'Figure::Photo',68,'2016-05-11 19:16:40','2016-05-11 19:16:40',86),(8652,'Figure::Photo',68,'2016-05-11 19:16:40','2016-05-11 19:16:40',87),(8653,'Figure::Photo',68,'2016-05-11 19:16:40','2016-05-11 19:16:40',88),(8654,'Figure::Photo',68,'2016-05-11 19:16:40','2016-05-11 19:16:40',89),(8655,'Figure::Photo',68,'2016-05-11 19:16:40','2016-05-11 19:16:40',90),(8656,'Figure::Photo',68,'2016-05-11 19:16:40','2016-05-11 19:16:40',91),(8657,'Figure::Photo',68,'2016-05-11 19:16:40','2016-05-11 19:16:40',92),(8658,'Figure::Photo',68,'2016-05-11 19:16:40','2016-05-11 19:16:40',93),(8659,'Figure::Photo',68,'2016-05-11 19:16:40','2016-05-11 19:16:40',94),(8660,'Figure::Photo',68,'2016-05-11 19:16:40','2016-05-11 19:16:40',95),(8661,'Figure::Photo',68,'2016-05-11 19:16:40','2016-05-11 19:16:40',96),(8662,'Figure::Photo',68,'2016-05-11 19:16:40','2016-05-11 19:16:40',97),(8663,'Figure::Photo',68,'2016-05-11 19:16:40','2016-05-11 19:16:40',98),(8664,'Figure::Photo',68,'2016-05-11 19:16:40','2016-05-11 19:16:40',99),(8665,'Figure::Photo',68,'2016-05-11 19:16:40','2016-05-11 19:16:40',100),(8666,'Figure::Photo',68,'2016-05-11 19:16:40','2016-05-11 19:16:40',101),(8667,'Figure::Photo',68,'2016-05-11 19:16:40','2016-05-11 19:16:40',102),(8668,'Figure::Photo',68,'2016-05-11 19:16:40','2016-05-11 19:16:40',103),(8669,'Figure::Photo',68,'2016-05-11 19:16:40','2016-05-11 19:16:40',104),(8670,'Figure::Photo',68,'2016-05-11 19:16:40','2016-05-11 19:16:40',105),(8671,'Figure::Photo',68,'2016-05-11 19:16:40','2016-05-11 19:16:40',106),(8672,'Figure::Photo',68,'2016-05-11 19:16:40','2016-05-11 19:16:40',107),(8673,'Figure::Photo',68,'2016-05-11 19:16:40','2016-05-11 19:16:40',108),(8674,'Figure::Photo',68,'2016-05-11 19:16:40','2016-05-11 19:16:40',109),(8675,'Figure::Photo',68,'2016-05-11 19:16:40','2016-05-11 19:16:40',110),(8676,'Figure::Photo',68,'2016-05-11 19:16:40','2016-05-11 19:16:40',111),(8677,'Figure::Photo',68,'2016-05-11 19:16:40','2016-05-11 19:16:40',112),(8678,'Figure::Photo',68,'2016-05-11 19:16:40','2016-05-11 19:16:40',113),(8679,'Figure::Photo',68,'2016-05-11 19:16:40','2016-05-11 19:16:40',114),(8680,'Figure::Photo',68,'2016-05-11 19:16:40','2016-05-11 19:16:40',115),(8681,'Figure::Photo',68,'2016-05-11 19:16:40','2016-05-11 19:16:40',116),(8682,'Figure::Photo',68,'2016-05-11 19:16:40','2016-05-11 19:16:40',117),(8683,'Figure::Photo',68,'2016-05-11 19:16:40','2016-05-11 19:16:40',118),(8684,'Figure::Photo',68,'2016-05-11 19:16:40','2016-05-11 19:16:40',119),(8685,'Figure::Photo',68,'2016-05-11 19:16:40','2016-05-11 19:16:40',120),(8686,'Figure::Photo',68,'2016-05-11 19:16:40','2016-05-11 19:16:40',121),(8687,'Figure::Photo',68,'2016-05-11 19:16:40','2016-05-11 19:16:40',122),(8688,'Figure::Photo',68,'2016-05-11 19:16:40','2016-05-11 19:16:40',123),(8689,'Figure::Photo',68,'2016-05-11 19:16:40','2016-05-11 19:16:40',124),(8690,'Figure::Photo',68,'2016-05-11 19:16:40','2016-05-11 19:16:40',125),(8691,'Figure::Photo',68,'2016-05-11 19:16:40','2016-05-11 19:16:40',126),(8692,'Figure::Photo',68,'2016-05-11 19:16:40','2016-05-11 19:16:40',127),(8693,'Figure::Photo',68,'2016-05-11 19:16:40','2016-05-11 19:16:40',128),(8694,'Figure::Photo',68,'2016-05-11 19:16:40','2016-05-11 19:16:40',129),(8695,'Figure::Photo',68,'2016-05-11 19:16:40','2016-05-11 19:16:40',130),(8696,'Figure::Photo',68,'2016-05-11 19:16:40','2016-05-11 19:16:40',131),(8697,'Figure::Photo',68,'2016-05-11 19:16:40','2016-05-11 19:16:40',132),(8698,'Figure::Photo',68,'2016-05-11 19:16:40','2016-05-11 19:16:40',133),(8699,'Figure::Photo',68,'2016-05-11 19:16:40','2016-05-11 19:16:40',134),(8700,'Figure::Photo',68,'2016-05-11 19:16:40','2016-05-11 19:16:40',135),(8701,'Figure::Photo',68,'2016-05-11 19:16:40','2016-05-11 19:16:40',136),(8702,'Figure::Photo',68,'2016-05-11 19:16:40','2016-05-11 19:16:40',137),(8703,'Figure::Photo',68,'2016-05-11 19:16:40','2016-05-11 19:16:40',138),(8704,'Figure::Photo',68,'2016-05-11 19:16:40','2016-05-11 19:16:40',139),(8705,'Figure::Photo',68,'2016-05-11 19:16:41','2016-05-11 19:16:41',140),(8706,'Figure::Photo',68,'2016-05-11 19:16:41','2016-05-11 19:16:41',141),(8707,'Figure::Photo',68,'2016-05-11 19:16:41','2016-05-11 19:16:41',142),(8708,'Figure::Photo',68,'2016-05-11 19:16:41','2016-05-11 19:16:41',143),(8709,'Figure::Photo',68,'2016-05-11 19:16:41','2016-05-11 19:16:41',144),(8710,'Figure::Photo',68,'2016-05-11 19:16:41','2016-05-11 19:16:41',145),(8711,'Figure::Photo',68,'2016-05-11 19:16:41','2016-05-11 19:16:41',146),(8712,'Figure::Photo',68,'2016-05-11 19:16:41','2016-05-11 19:16:41',147),(8713,'Figure::Photo',68,'2016-05-11 19:16:41','2016-05-11 19:16:41',148),(8714,'Figure::Photo',68,'2016-05-11 19:16:41','2016-05-11 19:16:41',149),(8715,'Figure::Photo',68,'2016-05-11 19:16:41','2016-05-11 19:16:41',150),(8716,'Figure::Photo',68,'2016-05-11 19:16:41','2016-05-11 19:16:41',151),(8717,'Figure::Photo',68,'2016-05-11 19:16:41','2016-05-11 19:16:41',152);
/*!40000 ALTER TABLE `figures` ENABLE KEYS */;
UNLOCK TABLES;

--
-- Table structure for table `lisences`
--

DROP TABLE IF EXISTS `lisences`;
/*!40101 SET @saved_cs_client     = @@character_set_client */;
/*!40101 SET character_set_client = utf8 */;
CREATE TABLE `lisences` (
  `id` int(11) NOT NULL AUTO_INCREMENT,
  `name` varchar(255) COLLATE utf8_unicode_ci DEFAULT NULL,
  `created_at` datetime NOT NULL,
  `updated_at` datetime NOT NULL,
  PRIMARY KEY (`id`)
) ENGINE=InnoDB AUTO_INCREMENT=7 DEFAULT CHARSET=utf8 COLLATE=utf8_unicode_ci;
/*!40101 SET character_set_client = @saved_cs_client */;

--
-- Dumping data for table `lisences`
--

LOCK TABLES `lisences` WRITE;
/*!40000 ALTER TABLE `lisences` DISABLE KEYS */;
INSERT INTO `lisences` VALUES (1,'by','2015-09-22 00:04:56','2015-09-22 00:04:56'),(2,'by_sa','2015-09-22 00:04:56','2015-09-22 00:04:56'),(3,'by_nd','2015-09-22 00:04:56','2015-09-22 00:04:56'),(4,'by_nc','2015-09-22 00:04:56','2015-09-22 00:04:56'),(5,'by_nc_sa','2015-09-22 00:04:56','2015-09-22 00:04:56'),(6,'by_nc_nd','2015-09-22 00:04:56','2015-09-22 00:04:56');
/*!40000 ALTER TABLE `lisences` ENABLE KEYS */;
UNLOCK TABLES;

--
-- Table structure for table `projects`
--

DROP TABLE IF EXISTS `projects`;
/*!40101 SET @saved_cs_client     = @@character_set_client */;
/*!40101 SET character_set_client = utf8 */;
CREATE TABLE `projects` (
  `id` int(11) NOT NULL AUTO_INCREMENT,
  `name` varchar(255) COLLATE utf8_unicode_ci DEFAULT NULL,
  `private` tinyint(1) DEFAULT '0',
  `description` text COLLATE utf8_unicode_ci,
  `user_id` int(11) DEFAULT NULL,
  `created_at` datetime NOT NULL,
  `updated_at` datetime NOT NULL,
  `lisence_id` int(11) DEFAULT NULL,
  `figure_id` int(11) DEFAULT NULL,
  PRIMARY KEY (`id`),
  KEY `index_projects_on_user_id` (`user_id`),
  KEY `index_projects_on_lisence_id` (`lisence_id`),
  KEY `index_projects_on_figure_id` (`figure_id`),
  CONSTRAINT `fk_rails_b872a6760a` FOREIGN KEY (`user_id`) REFERENCES `users` (`id`),
  CONSTRAINT `fk_rails_f2d5389bc6` FOREIGN KEY (`lisence_id`) REFERENCES `lisences` (`id`)
) ENGINE=InnoDB AUTO_INCREMENT=70 DEFAULT CHARSET=utf8 COLLATE=utf8_unicode_ci;
/*!40101 SET character_set_client = @saved_cs_client */;

--
-- Dumping data for table `projects`
--

LOCK TABLES `projects` WRITE;
/*!40000 ALTER TABLE `projects` DISABLE KEYS */;
INSERT INTO `projects` VALUES (66,'LEGO',0,'',23,'2016-05-11 18:00:58','2016-05-11 18:00:58',NULL,NULL),(67,'foldingChair',0,'',23,'2016-05-11 18:56:38','2016-05-11 18:56:39',NULL,NULL),(68,'bighand',0,'',23,'2016-05-11 18:57:19','2016-05-11 18:57:19',NULL,NULL);
/*!40000 ALTER TABLE `projects` ENABLE KEYS */;
UNLOCK TABLES;

--
-- Table structure for table `schema_migrations`
--

DROP TABLE IF EXISTS `schema_migrations`;
/*!40101 SET @saved_cs_client     = @@character_set_client */;
/*!40101 SET character_set_client = utf8 */;
CREATE TABLE `schema_migrations` (
  `version` varchar(255) COLLATE utf8_unicode_ci NOT NULL,
  UNIQUE KEY `unique_schema_migrations` (`version`)
) ENGINE=InnoDB DEFAULT CHARSET=utf8 COLLATE=utf8_unicode_ci;
/*!40101 SET character_set_client = @saved_cs_client */;

--
-- Dumping data for table `schema_migrations`
--

LOCK TABLES `schema_migrations` WRITE;
/*!40000 ALTER TABLE `schema_migrations` DISABLE KEYS */;
INSERT INTO `schema_migrations` VALUES ('20150826071835'),('20150826071857'),('20150826072432'),('20150826072451'),('20150827070005'),('20150827070006'),('20150827070007'),('20150827070008'),('20150827070009'),('20150827081657'),('20150830125740'),('20150908004820'),('20150908004950'),('20150908013040'),('20150911040026'),('20150916031932'),('20150919223812'),('20150925005439'),('20150925041437'),('20160417004443'),('20160511194622');
/*!40000 ALTER TABLE `schema_migrations` ENABLE KEYS */;
UNLOCK TABLES;

--
-- Table structure for table `sensor_infos`
--

DROP TABLE IF EXISTS `sensor_infos`;
/*!40101 SET @saved_cs_client     = @@character_set_client */;
/*!40101 SET character_set_client = utf8 */;
CREATE TABLE `sensor_infos` (
  `id` int(11) NOT NULL AUTO_INCREMENT,
  `data` text COLLATE utf8_unicode_ci,
  `project_id` int(11) DEFAULT NULL,
  `created_at` datetime NOT NULL,
  `updated_at` datetime NOT NULL,
  PRIMARY KEY (`id`),
  KEY `index_sensor_infos_on_project_id` (`project_id`),
  CONSTRAINT `fk_rails_07eeaacc78` FOREIGN KEY (`project_id`) REFERENCES `projects` (`id`)
) ENGINE=InnoDB DEFAULT CHARSET=utf8 COLLATE=utf8_unicode_ci;
/*!40101 SET character_set_client = @saved_cs_client */;

--
-- Dumping data for table `sensor_infos`
--

LOCK TABLES `sensor_infos` WRITE;
/*!40000 ALTER TABLE `sensor_infos` DISABLE KEYS */;
/*!40000 ALTER TABLE `sensor_infos` ENABLE KEYS */;
UNLOCK TABLES;

--
-- Table structure for table `taggings`
--

DROP TABLE IF EXISTS `taggings`;
/*!40101 SET @saved_cs_client     = @@character_set_client */;
/*!40101 SET character_set_client = utf8 */;
CREATE TABLE `taggings` (
  `id` int(11) NOT NULL AUTO_INCREMENT,
  `tag_id` int(11) DEFAULT NULL,
  `taggable_id` int(11) DEFAULT NULL,
  `taggable_type` varchar(255) COLLATE utf8_unicode_ci DEFAULT NULL,
  `tagger_id` int(11) DEFAULT NULL,
  `tagger_type` varchar(255) COLLATE utf8_unicode_ci DEFAULT NULL,
  `context` varchar(128) COLLATE utf8_unicode_ci DEFAULT NULL,
  `created_at` datetime DEFAULT NULL,
  PRIMARY KEY (`id`),
  UNIQUE KEY `taggings_idx` (`tag_id`,`taggable_id`,`taggable_type`,`context`,`tagger_id`,`tagger_type`),
  KEY `index_taggings_on_taggable_id_and_taggable_type_and_context` (`taggable_id`,`taggable_type`,`context`)
) ENGINE=InnoDB AUTO_INCREMENT=61 DEFAULT CHARSET=utf8 COLLATE=utf8_unicode_ci;
/*!40101 SET character_set_client = @saved_cs_client */;

--
-- Dumping data for table `taggings`
--

LOCK TABLES `taggings` WRITE;
/*!40000 ALTER TABLE `taggings` DISABLE KEYS */;
INSERT INTO `taggings` VALUES (57,2,66,'Project',NULL,NULL,'tags','2016-05-11 18:00:58'),(58,2,67,'Project',NULL,NULL,'tags','2016-05-11 18:56:39'),(59,2,68,'Project',NULL,NULL,'tags','2016-05-11 18:57:20');
/*!40000 ALTER TABLE `taggings` ENABLE KEYS */;
UNLOCK TABLES;

--
-- Table structure for table `tags`
--

DROP TABLE IF EXISTS `tags`;
/*!40101 SET @saved_cs_client     = @@character_set_client */;
/*!40101 SET character_set_client = utf8 */;
CREATE TABLE `tags` (
  `id` int(11) NOT NULL AUTO_INCREMENT,
  `name` varchar(255) CHARACTER SET utf8 COLLATE utf8_bin DEFAULT NULL,
  `taggings_count` int(11) DEFAULT '0',
  PRIMARY KEY (`id`),
  UNIQUE KEY `index_tags_on_name` (`name`)
) ENGINE=InnoDB AUTO_INCREMENT=3 DEFAULT CHARSET=utf8 COLLATE=utf8_unicode_ci;
/*!40101 SET character_set_client = @saved_cs_client */;

--
-- Dumping data for table `tags`
--

LOCK TABLES `tags` WRITE;
/*!40000 ALTER TABLE `tags` DISABLE KEYS */;
INSERT INTO `tags` VALUES (1,'tag1 tag2 tag3 tag4 tag5',0),(2,'undefined',3);
/*!40000 ALTER TABLE `tags` ENABLE KEYS */;
UNLOCK TABLES;

--
-- Table structure for table `users`
--

DROP TABLE IF EXISTS `users`;
/*!40101 SET @saved_cs_client     = @@character_set_client */;
/*!40101 SET character_set_client = utf8 */;
CREATE TABLE `users` (
  `id` int(11) NOT NULL AUTO_INCREMENT,
  `provider` varchar(255) COLLATE utf8_unicode_ci NOT NULL DEFAULT 'email',
  `uid` varchar(255) COLLATE utf8_unicode_ci NOT NULL DEFAULT '',
  `encrypted_password` varchar(255) COLLATE utf8_unicode_ci NOT NULL DEFAULT '',
  `reset_password_token` varchar(255) COLLATE utf8_unicode_ci DEFAULT NULL,
  `reset_password_sent_at` datetime DEFAULT NULL,
  `remember_created_at` datetime DEFAULT NULL,
  `sign_in_count` int(11) NOT NULL DEFAULT '0',
  `current_sign_in_at` datetime DEFAULT NULL,
  `last_sign_in_at` datetime DEFAULT NULL,
  `current_sign_in_ip` varchar(255) COLLATE utf8_unicode_ci DEFAULT NULL,
  `last_sign_in_ip` varchar(255) COLLATE utf8_unicode_ci DEFAULT NULL,
  `confirmation_token` varchar(255) COLLATE utf8_unicode_ci DEFAULT NULL,
  `confirmed_at` datetime DEFAULT NULL,
  `confirmation_sent_at` datetime DEFAULT NULL,
  `unconfirmed_email` varchar(255) COLLATE utf8_unicode_ci DEFAULT NULL,
  `name` varchar(255) COLLATE utf8_unicode_ci DEFAULT NULL,
  `nickname` varchar(255) COLLATE utf8_unicode_ci DEFAULT NULL,
  `image` varchar(255) COLLATE utf8_unicode_ci DEFAULT NULL,
  `email` varchar(255) COLLATE utf8_unicode_ci DEFAULT NULL,
  `tokens` text COLLATE utf8_unicode_ci,
  `created_at` datetime DEFAULT NULL,
  `updated_at` datetime DEFAULT NULL,
  `avatar` varchar(255) COLLATE utf8_unicode_ci DEFAULT NULL,
  PRIMARY KEY (`id`),
  UNIQUE KEY `index_users_on_uid_and_provider` (`uid`,`provider`),
  UNIQUE KEY `index_users_on_reset_password_token` (`reset_password_token`),
  KEY `index_users_on_email` (`email`)
) ENGINE=InnoDB AUTO_INCREMENT=25 DEFAULT CHARSET=utf8 COLLATE=utf8_unicode_ci;
/*!40101 SET character_set_client = @saved_cs_client */;

--
-- Dumping data for table `users`
--

LOCK TABLES `users` WRITE;
/*!40000 ALTER TABLE `users` DISABLE KEYS */;
INSERT INTO `users` VALUES (16,'github','3610296','$2a$10$TP3va.CQvnqrTl9/eMrVNOuFHqIX1nq1wv.Wq12JiTbiBxcM1IwVu',NULL,NULL,NULL,12,'2016-05-11 05:38:58','2016-05-02 06:29:50','49.239.68.209','118.238.212.62',NULL,NULL,NULL,NULL,'Kentaro Teramoto (zigen)','hrl7','https://avatars.githubusercontent.com/u/3610296?v=3','hrlclb@gmail.com','{\"69dAKlFzCxVgbbrqARrUTQ\":{\"token\":\"$2a$10$XFLRuRfc8CwkfBA7mlxFMey3xc05zpspUmhfJO0/ZnrOuULqxkaiK\",\"expiry\":1462983920},\"UQU-YXACLVykdsH3RZMysA\":{\"token\":\"$2a$10$8gPFcwqKSFyivq0WJ2sB7.V8iWjdAviytjgyhy/4ASHe9Qj2gCKVS\",\"expiry\":1462989155},\"uElUp81qtCVI1Opc9i3HkQ\":{\"token\":\"$2a$10$CriOXZ1EC/ZLYfqL9pWZ6uoXnid.V2WEx9voLnhzxqK0txs59kexK\",\"expiry\":1462989266},\"RqgT6WpU0xk_QfvnaFGTcg\":{\"token\":\"$2a$10$tCFkEM2bwnlotIpjsb8QO.ABu1J4JHBRRniJZUWjBINiepvea9Lqu\",\"expiry\":1463127179},\"6Iiph1zoQgcvSGLaHPMsDA\":{\"token\":\"$2a$10$4vjYY68IUYOUomB17S4YZu.2743DW.vv2xBPXtr1VF.4jF5kkkuF.\",\"expiry\":1463127222},\"G0tJs8BqAu08CctGYqA2tg\":{\"token\":\"$2a$10$XBv70GYWfYECRix3rEzvjeCoKvQfIERyOy9HulpZe3N9mhpsE3XFC\",\"expiry\":1463152730},\"HCZWEl6Fj7SHSGoMHrBTVA\":{\"token\":\"$2a$10$ZUwvWfXE6WED8ctzstNFR.NLblQ2laWTf4ExBWzPydO1NQwhBaRp.\",\"expiry\":1463164054},\"Wl_CEBQnwM7eUCKroVw69g\":{\"token\":\"$2a$10$VrkJ8FLYHRn.FGlBi5tur.E2O2tJ2IkvEDiLT.roAnLivezEW9P2a\",\"expiry\":1463190432},\"b6vQ_lc0saledv8REuQCzg\":{\"token\":\"$2a$10$wLwFqyWt1N9q0j3k8cbGTuH82xi7gtPASKlobdCxOawtftC2DvwTu\",\"expiry\":1463323028},\"LLbyiIINZMvzbuo6iK85wg\":{\"token\":\"$2a$10$f9/1dqw80.8XLePrV1edtez14duUTSIyTSos5Cm2cm.0XpDnO50AW\",\"expiry\":1463323919},\"j4qA8cpwZuI0FJcxTvEwdA\":{\"token\":\"$2a$10$BVHi3cCLq9xQMITwklXbYO7nr8RVPE87YfLJV7XTHBkJ.g6Vt3fDm\",\"expiry\":1463380189},\"tXBaSLDUpf750CT9mhNuNA\":{\"token\":\"$2a$10$5D9GICh45ipevWzHM4o4B.WhJzpc7tPmEPqaWntpQ9hfy0tgczp8O\",\"expiry\":1464154738}}','2016-04-27 16:25:20','2016-05-11 05:38:58',NULL),(17,'github','5709027','$2a$10$0TcZxZlZBZi4WPWp1pT9BuqYj2TbxdgnagUd6MgS.0H3fRpGThqdK',NULL,NULL,NULL,4,'2016-05-10 04:14:55','2016-04-28 04:37:03','118.21.110.167','118.21.110.167',NULL,NULL,NULL,NULL,NULL,'okimaho','https://avatars.githubusercontent.com/u/5709027?v=3',NULL,'{\"wPClcQcTgXJdbO4dHtZbRg\":{\"token\":\"$2a$10$VRyFHmrxFWU.KcgOmTyVp.GvcNKOFOUXIifQuSIdpV4OotxnE02za\",\"expiry\":1463027398},\"mzjB0q5IhYdt07Wd2ijp1Q\":{\"token\":\"$2a$10$sVqxjIqL5v21ISNfsujoLe8TYbEH6GzUu3iutwidpXy.VsxvPxmVW\",\"expiry\":1463027405},\"LVhJlvRZUMuyuBaCiam0Vg\":{\"token\":\"$2a$10$E4LlOwI2zN5POpVR6j9F1ueOHa3TsqZFJHk0gNnSmcsQYEgaZtF6G\",\"expiry\":1463027823},\"wtOBSXxkHOhCaPb0ALgJhw\":{\"token\":\"$2a$10$JYS8litXqTOaV0dSptJgWuCmqO9Z/phqSCqdjlwam0n7jp4tuE90m\",\"expiry\":1464063295}}','2016-04-28 04:29:58','2016-05-10 04:14:55',NULL),(19,'github','11815130','$2a$10$I6/8N9pIre996q0t7K3JJ.4jTZaIG9nmXd/cN1In0gFns1OHwo3r2',NULL,NULL,NULL,16,'2016-05-11 06:15:17','2016-05-11 05:19:58','133.26.35.36','133.26.35.36',NULL,NULL,NULL,NULL,'yoshimura kazumi','ysmr','https://avatars.githubusercontent.com/u/11815130?v=3','kzm326.ag@gmail.com','{\"7O_gb7nL0Hxdt1qsgkNQig\":{\"token\":\"$2a$10$PQ.YB8NL9iK7pKMiSshUFODOXpVA3/z77F9qH6adtJc4ToYhNMCk2\",\"expiry\":1463035570},\"m8g44zWFm9nJYQERX2q3Ig\":{\"token\":\"$2a$10$9KL/C5IsVDAPYhzD64DQDOjXZuC42Yfm1s7a8Ec87SXf43CnFythm\",\"expiry\":1463035624},\"gr77zKMZFLquafDz7-WERw\":{\"token\":\"$2a$10$bCegpugx1XPdMQgmijZ9auM3ggiz9HMsVtT/qKXzQGvp8Uc8hJyuS\",\"expiry\":1463208539},\"UDSh0855PhEVoz5fx7fcDQ\":{\"token\":\"$2a$10$TmxlkYF.CAi4yGS6Km5X3.ASaszBTpMSoVv7Zcqk.sLAwf6pBXzkG\",\"expiry\":1463208579},\"p-62_OEQcdQy8ql88yrOvA\":{\"token\":\"$2a$10$ACGNPIMQFNaoW5fTnaVmBezffxVmj0qcUxXM1SLkdVO5rwj3TtJ9K\",\"expiry\":1463219850},\"LSBzP6M0v4dwfdzIWEyLWg\":{\"token\":\"$2a$10$KdGqGEMR1ReOIQgoPRwbpudD8kYm4lWX1ByW0Pt52ucpwxprcAkJi\",\"expiry\":1463219853},\"CpW9USXiupKpyqtNatcvWg\":{\"token\":\"$2a$10$qG953eyd2vd0ceAG5iazFOWXEphhEe1sF2HLA72tDoCYsLeKbcDyK\",\"expiry\":1463219861},\"atdPTDIvVWKu7qsvGBMeYw\":{\"token\":\"$2a$10$.t/P6tRXW7ZgyOxW4KH9/OiEZokA4j2EKupsHRRG83opL1b.pLkum\",\"expiry\":1463375643},\"39X0HkEe9isVuKZZPEj2XA\":{\"token\":\"$2a$10$OBxWeAZlDqhBqgl58ddrmO3qR6/1cGnSlaK/SZ3ewNT6YItNgWxtO\",\"expiry\":1463380207},\"3YMqe_l91CwHvax2zeqqnA\":{\"token\":\"$2a$10$Zw5lDeEeAjRB30IA3GKGmOg0G7suWy8JQF0J415RNE4Fwa.J3J17S\",\"expiry\":1463380210},\"tGEnZf1uL4DD3PYj04zaoA\":{\"token\":\"$2a$10$76mq8kkISQ6lGxIuv2OptO7L/svu5HDsHBYQfpmO/jWDawn6NQXd.\",\"expiry\":1463380223},\"-mm9z0tOyLfE9uA83CLsuA\":{\"token\":\"$2a$10$F8AGJSR53e3IR.D2XOyDoeF1SNPsmoN21Yaflcsvj28GOis0ZOgJO\",\"expiry\":1463380258},\"mWtoZyvrEypFm4-yDCJSXA\":{\"token\":\"$2a$10$nV9H9Jc6E9xdMAXnPr1Q7.B00UpnXeu1cZUSXq4RFr19XsOUs2QNu\",\"expiry\":1463386894},\"JE-SuOz5aw-npWatYlw13A\":{\"token\":\"$2a$10$qAmMBlNp9u1mOzBNXgpGlOggrA4pWEAZGXniyskcgo16RcHd3trFi\",\"expiry\":1464150764},\"YjBwjsZKe-udlT4w5mNVXA\":{\"token\":\"$2a$10$8d8WnOTYQrOnGndTmSqFTeMBag6h8Ae87HsT4wfz9GPa9ES2Ksgqq\",\"expiry\":1464153598},\"8zf9ywdkxCl1FdlPZDCCmw\":{\"token\":\"$2a$10$BAJAwRm234wQq/mKlj9Ib.bix/VG4T6ir9yec.So.I5m9qRvq5WqW\",\"expiry\":1464156916}}','2016-04-28 06:46:11','2016-05-11 06:15:17',NULL),(20,'github','12455918','$2a$10$ieMoeOhCtIQBvvEquvrvS.62IOhg9kR.3lSzOho009fDve9ihQa4e',NULL,NULL,NULL,8,'2016-05-11 05:28:30','2016-05-11 05:15:05','118.21.110.167','118.21.110.167',NULL,NULL,NULL,NULL,NULL,'hiriorima','https://avatars.githubusercontent.com/u/12455918?v=3',NULL,'{\"u1DeBMtjOXcUGNDDWkIdxw\":{\"token\":\"$2a$10$YBxjM3Qcio0sxkJl1YUdBOxRj6Kr1iE9dTwdMWSHS.9tOkoFYE83m\",\"expiry\":1463223016},\"UvRwvGkxeOvI5BUsjv3A-A\":{\"token\":\"$2a$10$YmOOqCZzHq4YMHQx/LgMNuris0OZzeLi0B8W6Fyumk66G4I7WLpWm\",\"expiry\":1463240148},\"z8iBT9e4cMP2QfhSasG9eQ\":{\"token\":\"$2a$10$lvFPDdiCKUBfKxXxMMm1ZO8UwoAfpVxN9p93qty8N20nNuxhlAWq2\",\"expiry\":1463240156},\"cx1AeMr_Ug2_kxzrpUUsaw\":{\"token\":\"$2a$10$iWazlIzY.eVo3ixoyOv4Ue.8lkFpSy2Xmw3MNuGUB2gK1tKi8iU5S\",\"expiry\":1463240560},\"orLGm6qtv3GGGmofTHGZ9A\":{\"token\":\"$2a$10$7UYT95qZ.4K0YXKI7MyrB.Zs5LMwQFEDcp/AdZawgKHHgfGJWv9Ze\",\"expiry\":1463240704},\"bWDAxp7pr7VrmoDs1lvMVQ\":{\"token\":\"$2a$10$uRXGd50tVlUf1UYy8A5XQebqlog0F7fHENJyhxALCGsOGmPpm/wp6\",\"expiry\":1463313034},\"yeCS8fN217hf94eKIq3xQA\":{\"token\":\"$2a$10$N4/yYPxJ/.S9pi2Gt7.lYOWZEjCbK2lwo3wobt1xEZdytNfFwx4Bm\",\"expiry\":1464153305},\"Ehrok3WFxJOjc2nbHbpVHg\":{\"token\":\"$2a$10$X2FHzvQ3tb3NXwSj0uhvZe3gD.FxPzm3N4iTz5MRitFMWTKplV0Ji\",\"expiry\":1464154110}}','2016-04-30 10:50:16','2016-05-11 05:28:30',NULL),(21,'github','13250740','$2a$10$b4.6roIc6kS51K.cWkSfVOlhW5SidoOd2vHWCcFYJH.GgxaKTqPoK',NULL,NULL,NULL,1,'2016-05-08 05:49:02','2016-05-08 05:49:02','122.255.253.127','122.255.253.127',NULL,NULL,NULL,NULL,'katakurashohei','kaffcop','https://avatars.githubusercontent.com/u/13250740?v=3','kaffcop@gmail.com','{\"pNbyHlo7EZYpCnr7vAmlfA\":{\"token\":\"$2a$10$WHdeYxQ3/jatD8F4Sw1tk.q0KQaZQhyMsaBthoeCs8bSoh/SI1vJ2\",\"expiry\":1463896142}}','2016-05-08 05:49:02','2016-05-08 05:49:02',NULL),(22,'github','7578069','$2a$10$9Fk75LuZIR8ABbYTfKXpzeB4bb3GrkIZJ81ElOQxUofUbwj3.HblW',NULL,NULL,NULL,3,'2016-05-11 05:14:29','2016-05-11 04:24:00','118.21.110.167','118.21.110.167',NULL,NULL,NULL,NULL,'Satoshi Nakamatsu','satoshicano','https://avatars.githubusercontent.com/u/7578069?v=3','satoshicano@gmail.com','{\"GJC6nTzF_xJpUdvxe7JE7w\":{\"token\":\"$2a$10$PKs0TfgE.24mTUvgAv9RM.N41N9HTPpthSsb/q19gTswRpfx7wYEO\",\"expiry\":1464020818},\"i0mwPrjF2JQK52mDCuBQRw\":{\"token\":\"$2a$10$aavpwWmJtXBgdo3vN/auc.6VAA0p3bAjVYUY5F9J5KIiaNICasru2\",\"expiry\":1464150240},\"fdl9wOZmlxkf3SC1MwoUZw\":{\"token\":\"$2a$10$o2CB1hkoGDihIsAqZfbLQ.qew4bI23UrnQn9OskqENYG.y8qqaIbu\",\"expiry\":1464153269}}','2016-05-09 16:26:58','2016-05-11 05:14:29',NULL),(23,'github','5261749','$2a$10$cSopt2lroywM4g8x5zYNC.05pvXCxsSGIeMVC2yhOnNVulkkRbFtO',NULL,NULL,NULL,1,'2016-05-11 05:56:28','2016-05-11 05:56:28','118.21.110.167','118.21.110.167',NULL,NULL,NULL,NULL,NULL,'tsuka-pan','https://avatars.githubusercontent.com/u/5261749?v=3','tsuka-pan@example.com','{\"7qaxNNlznPlgSUafi2rAUw\":{\"token\":\"$2a$10$zaLcyiWYG1LyDtMaelXIv.vh8Qh98bv3jAwudBZHkX47XLOv0.YBi\",\"expiry\":1464155788}}','2016-05-11 05:56:28','2016-05-11 06:15:09',NULL),(24,'github','1129684','$2a$10$0993E.zxFoBWPJ61Q2XxFepxfQtbsPLXfJx5Dw97cNnGr.uWyTLre',NULL,NULL,NULL,3,'2016-05-11 17:55:00','2016-05-11 17:50:24','108.180.211.97','108.180.211.97',NULL,NULL,NULL,NULL,'Takuma BraveJohnny Miyake','johnny-miyake','https://avatars.githubusercontent.com/u/1129684?v=3','takuma.miyake@framgia.com','{\"wSHRco7tONZtdZ2T-4hzzw\":{\"token\":\"$2a$10$om2neaft5GujVNI9EYWGzuzMEHexpeSmKEBFgahXlZoCINY5tHbnS\",\"expiry\":1464193739},\"mAkUxiceaK2w-OGqlTKxKg\":{\"token\":\"$2a$10$jIST7KPSm53.UntHjoO5F.PJonD41Dr2UZg2RryCMG4sPCdgXK7/K\",\"expiry\":1464198624},\"TDt7Yd9lUSLYkKP4N3QapA\":{\"token\":\"$2a$10$C.XHqIl/iGUaKayKg.lNNet3W9TAIwnnZaq67.XRP5SJf38QBlGC2\",\"expiry\":1464198900}}','2016-05-11 16:28:59','2016-05-11 17:55:00',NULL);
/*!40000 ALTER TABLE `users` ENABLE KEYS */;
UNLOCK TABLES;

--
-- Table structure for table `votes`
--

DROP TABLE IF EXISTS `votes`;
/*!40101 SET @saved_cs_client     = @@character_set_client */;
/*!40101 SET character_set_client = utf8 */;
CREATE TABLE `votes` (
  `id` int(11) NOT NULL AUTO_INCREMENT,
  `votable_id` int(11) DEFAULT NULL,
  `votable_type` varchar(255) COLLATE utf8_unicode_ci DEFAULT NULL,
  `voter_id` int(11) DEFAULT NULL,
  `voter_type` varchar(255) COLLATE utf8_unicode_ci DEFAULT NULL,
  `vote_flag` tinyint(1) DEFAULT NULL,
  `vote_scope` varchar(255) COLLATE utf8_unicode_ci DEFAULT NULL,
  `vote_weight` int(11) DEFAULT NULL,
  `created_at` datetime DEFAULT NULL,
  `updated_at` datetime DEFAULT NULL,
  PRIMARY KEY (`id`),
  KEY `index_votes_on_voter_id_and_voter_type_and_vote_scope` (`voter_id`,`voter_type`,`vote_scope`),
  KEY `index_votes_on_votable_id_and_votable_type_and_vote_scope` (`votable_id`,`votable_type`,`vote_scope`)
) ENGINE=InnoDB DEFAULT CHARSET=utf8 COLLATE=utf8_unicode_ci;
/*!40101 SET character_set_client = @saved_cs_client */;

--
-- Dumping data for table `votes`
--

LOCK TABLES `votes` WRITE;
/*!40000 ALTER TABLE `votes` DISABLE KEYS */;
/*!40000 ALTER TABLE `votes` ENABLE KEYS */;
UNLOCK TABLES;
/*!40103 SET TIME_ZONE=@OLD_TIME_ZONE */;

/*!40101 SET SQL_MODE=@OLD_SQL_MODE */;
/*!40014 SET FOREIGN_KEY_CHECKS=@OLD_FOREIGN_KEY_CHECKS */;
/*!40014 SET UNIQUE_CHECKS=@OLD_UNIQUE_CHECKS */;
/*!40101 SET CHARACTER_SET_CLIENT=@OLD_CHARACTER_SET_CLIENT */;
/*!40101 SET CHARACTER_SET_RESULTS=@OLD_CHARACTER_SET_RESULTS */;
/*!40101 SET COLLATION_CONNECTION=@OLD_COLLATION_CONNECTION */;
/*!40111 SET SQL_NOTES=@OLD_SQL_NOTES */;

-- Dump completed on 2016-05-12  5:08:46